implementation	iteration	latency_ns
erlang_port	1	410363
erlang_port	2	315694
erlang_port	3	345704
erlang_port	4	351876
erlang_port	5	340646
erlang_port	6	398593
erlang_port	7	343417
erlang_port	8	374242
erlang_port	9	399949
erlang_port	10	349980
erlang_port	11	342210
erlang_port	12	366379
erlang_port	13	356185
erlang_port	14	385236
erlang_port	15	349760
erlang_port	16	359419
erlang_port	17	407085
erlang_port	18	330964
erlang_port	19	362957
erlang_port	20	324594
erlang_port	21	360048
erlang_port	22	323601
erlang_port	23	364412
erlang_port	24	324009
erlang_port	25	365084
erlang_port	26	417230
erlang_port	27	360246
erlang_port	28	370033
erlang_port	29	351209
erlang_port	30	325095
erlang_port	31	414336
erlang_port	32	326566
erlang_port	33	364522
erlang_port	34	383186
erlang_port	35	346663
erlang_port	36	353242
erlang_port	37	436842
erlang_port	38	374612
erlang_port	39	398103
erlang_port	40	415819
erlang_port	41	405537
erlang_port	42	435706
erlang_port	43	417544
erlang_port	44	348332
erlang_port	45	376161
erlang_port	46	337245
erlang_port	47	392218
erlang_port	48	341494
erlang_port	49	412535
erlang_port	50	334843
erlang_port	51	330947
erlang_port	52	389969
erlang_port	53	410518
erlang_port	54	406231
erlang_port	55	405360
erlang_port	56	410970
erlang_port	57	339009
erlang_port	58	383478
erlang_port	59	391639
erlang_port	60	440467
erlang_port	61	338650
erlang_port	62	387209
erlang_port	63	335851
erlang_port	64	322626
erlang_port	65	351121
erlang_port	66	371047
erlang_port	67	346712
erlang_port	68	365107
erlang_port	69	396609
erlang_port	70	345236
erlang_port	71	360941
erlang_port	72	328412
erlang_port	73	321160
erlang_port	74	339031
erlang_port	75	342535
erlang_port	76	347153
erlang_port	77	342943
erlang_port	78	355100
erlang_port	79	378650
erlang_port	80	413047
erlang_port	81	343825
erlang_port	82	362698
erlang_port	83	380922
erlang_port	84	361188
erlang_port	85	567577
erlang_port	86	411829
erlang_port	87	396907
erlang_port	88	373664
erlang_port	89	333515
erlang_port	90	348613
erlang_port	91	405983
erlang_port	92	366881
erlang_port	93	374458
erlang_port	94	357480
erlang_port	95	351022
erlang_port	96	386586
erlang_port	97	355485
erlang_port	98	437177
erlang_port	99	347798
erlang_port	100	388498
erlang_port	101	423413
erlang_port	102	355965
erlang_port	103	367823
erlang_port	104	346156
erlang_port	105	352989
erlang_port	106	351292
erlang_port	107	348767
erlang_port	108	352592
erlang_port	109	347919
erlang_port	110	343632
erlang_port	111	335388
erlang_port	112	414045
erlang_port	113	407580
erlang_port	114	328572
erlang_port	115	398610
erlang_port	116	360141
erlang_port	117	389534
erlang_port	118	388321
erlang_port	119	379439
erlang_port	120	375163
erlang_port	121	376750
erlang_port	122	391782
erlang_port	123	401360
erlang_port	124	425038
erlang_port	125	344249
erlang_port	126	420341
erlang_port	127	367500
erlang_port	128	376458
erlang_port	129	500294
erlang_port	130	438527
erlang_port	131	431099
erlang_port	132	422762
erlang_port	133	367008
erlang_port	134	361210
erlang_port	135	369994
erlang_port	136	356174
erlang_port	137	353728
erlang_port	138	355336
erlang_port	139	360351
erlang_port	140	323194
erlang_port	141	327767
erlang_port	142	321100
erlang_port	143	362417
erlang_port	144	362709
erlang_port	145	432141
erlang_port	146	293816
erlang_port	147	373366
erlang_port	148	362926
erlang_port	149	353506
erlang_port	150	344404
erlang_port	151	344007
erlang_port	152	351380
erlang_port	153	335438
erlang_port	154	386289
erlang_port	155	355380
erlang_port	156	317028
erlang_port	157	333669
erlang_port	158	386007
erlang_port	159	334088
erlang_port	160	330650
erlang_port	161	287458
erlang_port	162	355303
erlang_port	163	352107
erlang_port	164	351953
erlang_port	165	356979
erlang_port	166	393909
erlang_port	167	360207
erlang_port	168	352713
erlang_port	169	359513
erlang_port	170	353397
erlang_port	171	352614
erlang_port	172	352889
erlang_port	173	358334
erlang_port	174	355105
erlang_port	175	514152
erlang_port	176	431620
erlang_port	177	444517
erlang_port	178	396929
erlang_port	179	399888
erlang_port	180	415803
erlang_port	181	380976
erlang_port	182	329481
erlang_port	183	337581
erlang_port	184	383963
erlang_port	185	379168
erlang_port	186	367272
erlang_port	187	437723
erlang_port	188	366406
erlang_port	189	344845
erlang_port	190	341846
erlang_port	191	323403
erlang_port	192	365735
erlang_port	193	340877
erlang_port	194	343753
erlang_port	195	374794
erlang_port	196	347627
erlang_port	197	367310
erlang_port	198	481988
erlang_port	199	352736
erlang_port	200	347053
erlang_port	201	341323
erlang_port	202	368886
erlang_port	203	333437
erlang_port	204	346806
erlang_port	205	325910
erlang_port	206	362473
erlang_port	207	370275
erlang_port	208	404980
erlang_port	209	378028
erlang_port	210	371079
erlang_port	211	399363
erlang_port	212	424307
erlang_port	213	367211
erlang_port	214	350817
erlang_port	215	376518
erlang_port	216	368997
erlang_port	217	378899
erlang_port	218	369035
erlang_port	219	403658
erlang_port	220	352239
erlang_port	221	366374
erlang_port	222	530145
erlang_port	223	395766
erlang_port	224	385903
erlang_port	225	349953
erlang_port	226	349391
erlang_port	227	331999
erlang_port	228	354846
erlang_port	229	332429
erlang_port	230	376171
erlang_port	231	367366
erlang_port	232	370170
erlang_port	233	377676
erlang_port	234	361552
erlang_port	235	378138
erlang_port	236	366180
erlang_port	237	375890
erlang_port	238	360781
erlang_port	239	376033
erlang_port	240	359557
erlang_port	241	428834
erlang_port	242	393502
erlang_port	243	394990
erlang_port	244	511123
erlang_port	245	528805
erlang_port	246	455075
erlang_port	247	359866
erlang_port	248	373747
erlang_port	249	354956
erlang_port	250	345412
erlang_port	251	372397
erlang_port	252	376469
erlang_port	253	340965
erlang_port	254	357535
erlang_port	255	371068
erlang_port	256	339852
erlang_port	257	325856
erlang_port	258	488645
erlang_port	259	811062
erlang_port	260	731601
erlang_port	261	745653
erlang_port	262	975521
erlang_port	263	777305
erlang_port	264	808015
erlang_port	265	762796
erlang_port	266	503226
erlang_port	267	475574
erlang_port	268	358015
erlang_port	269	324026
erlang_port	270	386036
erlang_port	271	363371
erlang_port	272	362770
erlang_port	273	376392
erlang_port	274	400963
erlang_port	275	326572
erlang_port	276	358406
erlang_port	277	372534
erlang_port	278	344370
erlang_port	279	357634
erlang_port	280	372777
erlang_port	281	335378
erlang_port	282	353330
erlang_port	283	472598
erlang_port	284	776060
erlang_port	285	734527
erlang_port	286	408749
erlang_port	287	351920
erlang_port	288	319100
erlang_port	289	320818
erlang_port	290	364147
erlang_port	291	401718
erlang_port	292	351490
erlang_port	293	353959
erlang_port	294	390933
erlang_port	295	369294
erlang_port	296	370705
erlang_port	297	417510
erlang_port	298	369587
erlang_port	299	388856
erlang_port	300	373146
erlang_port	301	325800
erlang_port	302	459947
erlang_port	303	522898
erlang_port	304	468333
erlang_port	305	377493
erlang_port	306	368964
erlang_port	307	356096
erlang_port	308	329657
erlang_port	309	320697
erlang_port	310	359243
erlang_port	311	383941
erlang_port	312	350817
erlang_port	313	362307
erlang_port	314	380635
erlang_port	315	390427
erlang_port	316	344348
erlang_port	317	313788
erlang_port	318	322031
erlang_port	319	313204
erlang_port	320	407499
erlang_port	321	385842
erlang_port	322	356472
erlang_port	323	332633
erlang_port	324	410992
erlang_port	325	407707
erlang_port	326	423843
erlang_port	327	364715
erlang_port	328	353220
erlang_port	329	352790
erlang_port	330	321392
erlang_port	331	351601
erlang_port	332	351402
erlang_port	333	352162
erlang_port	334	319485
erlang_port	335	352173
erlang_port	336	352889
erlang_port	337	364164
erlang_port	338	353264
erlang_port	339	545788
erlang_port	340	457633
erlang_port	341	356318
erlang_port	342	356185
erlang_port	343	346530
erlang_port	344	348525
erlang_port	345	356879
erlang_port	346	359613
erlang_port	347	754039
erlang_port	348	414442
erlang_port	349	457864
erlang_port	350	427782
erlang_port	351	399206
erlang_port	352	391055
erlang_port	353	320840
erlang_port	354	350410
erlang_port	355	348724
erlang_port	356	347688
erlang_port	357	366467
erlang_port	358	362731
erlang_port	359	342728
erlang_port	360	340491
erlang_port	361	339036
erlang_port	362	341020
erlang_port	363	339620
erlang_port	364	341681
erlang_port	365	337295
erlang_port	366	307395
erlang_port	367	351743
erlang_port	368	411422
erlang_port	369	367305
erlang_port	370	317821
erlang_port	371	385197
erlang_port	372	403563
erlang_port	373	358180
erlang_port	374	354752
erlang_port	375	373819
erlang_port	376	355634
erlang_port	377	353407
erlang_port	378	375070
erlang_port	379	387478
erlang_port	380	441299
erlang_port	381	383291
erlang_port	382	324929
erlang_port	383	325327
erlang_port	384	319882
erlang_port	385	370628
erlang_port	386	324087
erlang_port	387	370231
erlang_port	388	323998
erlang_port	389	370441
erlang_port	390	326875
erlang_port	391	408021
erlang_port	392	333007
erlang_port	393	407824
erlang_port	394	492767
erlang_port	395	410573
erlang_port	396	336347
erlang_port	397	383175
erlang_port	398	349121
erlang_port	399	379665
erlang_port	400	350691
erlang_port	401	392163
erlang_port	402	378756
erlang_port	403	329057
erlang_port	404	371068
erlang_port	405	332209
erlang_port	406	371961
erlang_port	407	331184
erlang_port	408	360670
erlang_port	409	372633
erlang_port	410	377858
erlang_port	411	361486
erlang_port	412	392962
erlang_port	413	372309
erlang_port	414	355567
erlang_port	415	350454
erlang_port	416	365267
erlang_port	417	352747
erlang_port	418	349947
erlang_port	419	350785
erlang_port	420	350851
erlang_port	421	353892
erlang_port	422	405520
erlang_port	423	434318
erlang_port	424	380122
erlang_port	425	359051
erlang_port	426	388598
erlang_port	427	392035
erlang_port	428	353485
erlang_port	429	355633
erlang_port	430	351215
erlang_port	431	382822
erlang_port	432	357397
erlang_port	433	386757
erlang_port	434	364648
erlang_port	435	353904
erlang_port	436	369828
erlang_port	437	376067
erlang_port	438	496801
erlang_port	439	420668
erlang_port	440	388961
erlang_port	441	357871
erlang_port	442	353507
erlang_port	443	323993
erlang_port	444	449433
erlang_port	445	366534
erlang_port	446	353143
erlang_port	447	355943
erlang_port	448	338794
erlang_port	449	344899
erlang_port	450	364219
erlang_port	451	349154
erlang_port	452	333272
erlang_port	453	334286
erlang_port	454	332170
erlang_port	455	453423
erlang_port	456	391265
erlang_port	457	360383
erlang_port	458	425759
erlang_port	459	340525
erlang_port	460	335344
erlang_port	461	386382
erlang_port	462	422839
erlang_port	463	438026
erlang_port	464	395596
erlang_port	465	322461
erlang_port	466	322273
erlang_port	467	358400
erlang_port	468	415974
erlang_port	469	427016
erlang_port	470	362853
erlang_port	471	366087
erlang_port	472	387732
erlang_port	473	357088
erlang_port	474	327288
erlang_port	475	322957
erlang_port	476	352405
erlang_port	477	284538
erlang_port	478	325602
erlang_port	479	381478
erlang_port	480	385693
erlang_port	481	380105
erlang_port	482	375554
erlang_port	483	382211
erlang_port	484	405029
erlang_port	485	439844
erlang_port	486	629892
erlang_port	487	482194
erlang_port	488	428328
erlang_port	489	463209
erlang_port	490	372848
erlang_port	491	382205
erlang_port	492	360499
erlang_port	493	441052
erlang_port	494	357816
erlang_port	495	338772
erlang_port	496	407113
erlang_port	497	381412
erlang_port	498	419864
erlang_port	499	362158
erlang_port	500	396525
zbeam_distribution	1	2012518
zbeam_distribution	2	1451300
zbeam_distribution	3	1726040
zbeam_distribution	4	1456512
zbeam_distribution	5	1535929
zbeam_distribution	6	1672236
zbeam_distribution	7	1571802
zbeam_distribution	8	1722700
zbeam_distribution	9	1731241
zbeam_distribution	10	1884433
zbeam_distribution	11	1373580
zbeam_distribution	12	1445073
zbeam_distribution	13	1446902
zbeam_distribution	14	1350624
zbeam_distribution	15	1430779
zbeam_distribution	16	1421169
zbeam_distribution	17	1466101
zbeam_distribution	18	1594330
zbeam_distribution	19	1613004
zbeam_distribution	20	1546735
zbeam_distribution	21	1407448
zbeam_distribution	22	1420133
zbeam_distribution	23	1420254
zbeam_distribution	24	1362593
zbeam_distribution	25	1415372
zbeam_distribution	26	1450231
zbeam_distribution	27	1432917
zbeam_distribution	28	1406422
zbeam_distribution	29	1422767
zbeam_distribution	30	1344871
zbeam_distribution	31	1588701
zbeam_distribution	32	1571821
zbeam_distribution	33	1540812
zbeam_distribution	34	1446924
zbeam_distribution	35	1437005
zbeam_distribution	36	1459477
zbeam_distribution	37	1438968
zbeam_distribution	38	1512907
zbeam_distribution	39	1402863
zbeam_distribution	40	1422679
zbeam_distribution	41	1373933
zbeam_distribution	42	1324493
zbeam_distribution	43	1659264
zbeam_distribution	44	1489278
zbeam_distribution	45	1440676
zbeam_distribution	46	1456976
zbeam_distribution	47	1542013
zbeam_distribution	48	1487999
zbeam_distribution	49	1561663
zbeam_distribution	50	1633756
zbeam_distribution	51	1476686
zbeam_distribution	52	1429600
zbeam_distribution	53	1470146
zbeam_distribution	54	1457879
zbeam_distribution	55	1651180
zbeam_distribution	56	1469385
zbeam_distribution	57	1442941
zbeam_distribution	58	1396784
zbeam_distribution	59	1328780
zbeam_distribution	60	1355617
zbeam_distribution	61	1421703
zbeam_distribution	62	1382678
zbeam_distribution	63	1556522
zbeam_distribution	64	1402234
zbeam_distribution	65	1373933
zbeam_distribution	66	1432658
zbeam_distribution	67	1460486
zbeam_distribution	68	1462331
zbeam_distribution	69	1477419
zbeam_distribution	70	1504332
zbeam_distribution	71	1511133
zbeam_distribution	72	1393727
zbeam_distribution	73	1414523
zbeam_distribution	74	1415872
zbeam_distribution	75	1367282
zbeam_distribution	76	1441706
zbeam_distribution	77	1404591
zbeam_distribution	78	1575138
zbeam_distribution	79	1455609
zbeam_distribution	80	1383775
zbeam_distribution	81	1402256
zbeam_distribution	82	1466679
zbeam_distribution	83	1463147
zbeam_distribution	84	1374032
zbeam_distribution	85	1494259
zbeam_distribution	86	1454640
zbeam_distribution	87	1431231
zbeam_distribution	88	1398785
zbeam_distribution	89	1407790
zbeam_distribution	90	1428966
zbeam_distribution	91	1343069
zbeam_distribution	92	1460519
zbeam_distribution	93	1509964
zbeam_distribution	94	1403800
zbeam_distribution	95	1430140
zbeam_distribution	96	1369557
zbeam_distribution	97	1423494
zbeam_distribution	98	1500332
zbeam_distribution	99	1912701
zbeam_distribution	100	1584378
zbeam_distribution	101	1459769
zbeam_distribution	102	1570045
zbeam_distribution	103	1499450
zbeam_distribution	104	1469787
zbeam_distribution	105	1395463
zbeam_distribution	106	1344931
zbeam_distribution	107	1374832
zbeam_distribution	108	1455587
zbeam_distribution	109	1433793
zbeam_distribution	110	1334974
zbeam_distribution	111	1386232
zbeam_distribution	112	1403965
zbeam_distribution	113	1405877
zbeam_distribution	114	1408020
zbeam_distribution	115	1570888
zbeam_distribution	116	1424916
zbeam_distribution	117	1379664
zbeam_distribution	118	1504795
zbeam_distribution	119	1450501
zbeam_distribution	120	1439475
zbeam_distribution	121	1433622
zbeam_distribution	122	1616156
zbeam_distribution	123	1428944
zbeam_distribution	124	1516995
zbeam_distribution	125	1458844
zbeam_distribution	126	1674286
zbeam_distribution	127	1421654
zbeam_distribution	128	1381339
zbeam_distribution	129	1433948
zbeam_distribution	130	1428647
zbeam_distribution	131	1549772
zbeam_distribution	132	1488225
zbeam_distribution	133	1477067
zbeam_distribution	134	1384249
zbeam_distribution	135	1412291
zbeam_distribution	136	1406406
zbeam_distribution	137	1639102
zbeam_distribution	138	1547496
zbeam_distribution	139	1504267
zbeam_distribution	140	1504354
zbeam_distribution	141	1378650
zbeam_distribution	142	1590070
zbeam_distribution	143	1438521
zbeam_distribution	144	1482027
zbeam_distribution	145	1541285
zbeam_distribution	146	1286995
zbeam_distribution	147	1377873
zbeam_distribution	148	1635201
zbeam_distribution	149	1494430
zbeam_distribution	150	1497368
zbeam_distribution	151	1648899
zbeam_distribution	152	3984175
zbeam_distribution	153	1431776
zbeam_distribution	154	1600451
zbeam_distribution	155	1457202
zbeam_distribution	156	1533626
zbeam_distribution	157	2408400
zbeam_distribution	158	2747468
zbeam_distribution	159	2033117
zbeam_distribution	160	2120881
zbeam_distribution	161	1788490
zbeam_distribution	162	2024905
zbeam_distribution	163	1771811
zbeam_distribution	164	1617154
zbeam_distribution	165	1579770
zbeam_distribution	166	1699968
zbeam_distribution	167	1723381
zbeam_distribution	168	1572574
zbeam_distribution	169	1566138
zbeam_distribution	170	1822528
zbeam_distribution	171	1519982
zbeam_distribution	172	1635647
zbeam_distribution	173	1578063
zbeam_distribution	174	1752108
zbeam_distribution	175	1631844
zbeam_distribution	176	1819962
zbeam_distribution	177	2038448
zbeam_distribution	178	3507736
zbeam_distribution	179	4407490
zbeam_distribution	180	1710864
zbeam_distribution	181	1923711
zbeam_distribution	182	1527818
zbeam_distribution	183	1886361
zbeam_distribution	184	2501652
zbeam_distribution	185	2490117
zbeam_distribution	186	2129752
zbeam_distribution	187	1976171
zbeam_distribution	188	1737254
zbeam_distribution	189	1571791
zbeam_distribution	190	1547661
zbeam_distribution	191	1766967
zbeam_distribution	192	1628516
zbeam_distribution	193	2033777
zbeam_distribution	194	1798106
zbeam_distribution	195	1519806
zbeam_distribution	196	1518263
zbeam_distribution	197	1605030
zbeam_distribution	198	1669326
zbeam_distribution	199	1685152
zbeam_distribution	200	1522671
zbeam_distribution	201	1540062
zbeam_distribution	202	1532656
zbeam_distribution	203	1793102
zbeam_distribution	204	1932087
zbeam_distribution	205	1585744
zbeam_distribution	206	1537141
zbeam_distribution	207	1429258
zbeam_distribution	208	1681307
zbeam_distribution	209	1541374
zbeam_distribution	210	1611801
zbeam_distribution	211	1745202
zbeam_distribution	212	1541892
zbeam_distribution	213	1401551
zbeam_distribution	214	1719803
zbeam_distribution	215	1612988
zbeam_distribution	216	1593062
zbeam_distribution	217	1530893
zbeam_distribution	218	1627734
zbeam_distribution	219	1490589
zbeam_distribution	220	1497620
zbeam_distribution	221	1612536
zbeam_distribution	222	1463235
zbeam_distribution	223	1498844
zbeam_distribution	224	1414578
zbeam_distribution	225	1744390
zbeam_distribution	226	1892269
zbeam_distribution	227	1577798
zbeam_distribution	228	1475656
zbeam_distribution	229	1394101
zbeam_distribution	230	1486853
zbeam_distribution	231	1515651
zbeam_distribution	232	1531102
zbeam_distribution	233	1472691
zbeam_distribution	234	1541197
zbeam_distribution	235	1469671
zbeam_distribution	236	1393759
zbeam_distribution	237	1778031
zbeam_distribution	238	1500382
zbeam_distribution	239	1564209
zbeam_distribution	240	1467186
zbeam_distribution	241	1422778
zbeam_distribution	242	1463319
zbeam_distribution	243	1441965
zbeam_distribution	244	1575929
zbeam_distribution	245	1483278
zbeam_distribution	246	1835106
zbeam_distribution	247	1790950
zbeam_distribution	248	1753609
zbeam_distribution	249	1592836
zbeam_distribution	250	1674741
zbeam_distribution	251	1605446
zbeam_distribution	252	1450705
zbeam_distribution	253	1672478
zbeam_distribution	254	1579429
zbeam_distribution	255	1532089
zbeam_distribution	256	1495185
zbeam_distribution	257	1531620
zbeam_distribution	258	1449806
zbeam_distribution	259	1948618
zbeam_distribution	260	1688023
zbeam_distribution	261	1501021
zbeam_distribution	262	1467969
zbeam_distribution	263	1432873
zbeam_distribution	264	1539312
zbeam_distribution	265	1493190
zbeam_distribution	266	1343493
zbeam_distribution	267	1456673
zbeam_distribution	268	1540067
zbeam_distribution	269	1519657
zbeam_distribution	270	1548075
zbeam_distribution	271	1747234
zbeam_distribution	272	1528060
zbeam_distribution	273	1521421
zbeam_distribution	274	1597162
zbeam_distribution	275	1638589
zbeam_distribution	276	1498839
zbeam_distribution	277	1570188
zbeam_distribution	278	1545050
zbeam_distribution	279	1362075
zbeam_distribution	280	1412418
zbeam_distribution	281	1515673
zbeam_distribution	282	1882945
zbeam_distribution	283	1520214
zbeam_distribution	284	1551491
zbeam_distribution	285	1747399
zbeam_distribution	286	1546680
zbeam_distribution	287	1513204
zbeam_distribution	288	2021262
zbeam_distribution	289	1629068
zbeam_distribution	290	1632638
zbeam_distribution	291	1485542
zbeam_distribution	292	1889194
zbeam_distribution	293	1607785
zbeam_distribution	294	1567354
zbeam_distribution	295	1475608
zbeam_distribution	296	1629276
zbeam_distribution	297	1494028
zbeam_distribution	298	1531521
zbeam_distribution	299	1520060
zbeam_distribution	300	1620702
zbeam_distribution	301	1454782
zbeam_distribution	302	1762634
zbeam_distribution	303	1508344
zbeam_distribution	304	1481690
zbeam_distribution	305	1603637
zbeam_distribution	306	1487245
zbeam_distribution	307	1563272
zbeam_distribution	308	1582118
zbeam_distribution	309	1553023
zbeam_distribution	310	1688018
zbeam_distribution	311	1460392
zbeam_distribution	312	1441778
zbeam_distribution	313	1678871
zbeam_distribution	314	1529526
zbeam_distribution	315	1564099
zbeam_distribution	316	1677592
zbeam_distribution	317	1558830
zbeam_distribution	318	1588245
zbeam_distribution	319	1503880
zbeam_distribution	320	1596897
zbeam_distribution	321	1630390
zbeam_distribution	322	1473414
zbeam_distribution	323	1573709
zbeam_distribution	324	1734311
zbeam_distribution	325	1670153
zbeam_distribution	326	1633049
zbeam_distribution	327	1997857
zbeam_distribution	328	1461784
zbeam_distribution	329	1499108
zbeam_distribution	330	1603848
zbeam_distribution	331	1527984
zbeam_distribution	332	1515166
zbeam_distribution	333	1536481
zbeam_distribution	334	1563713
zbeam_distribution	335	1653280
zbeam_distribution	336	1579961
zbeam_distribution	337	1460564
zbeam_distribution	338	1590373
zbeam_distribution	339	1550499
zbeam_distribution	340	1523917
zbeam_distribution	341	1614388
zbeam_distribution	342	1467192
zbeam_distribution	343	1515687
zbeam_distribution	344	1614136
zbeam_distribution	345	1685092
zbeam_distribution	346	1600744
zbeam_distribution	347	1632285
zbeam_distribution	348	1722525
zbeam_distribution	349	1606094
zbeam_distribution	350	1868634
zbeam_distribution	351	1709586
zbeam_distribution	352	1598804
zbeam_distribution	353	1558313
zbeam_distribution	354	1544757
zbeam_distribution	355	1582591
zbeam_distribution	356	1734141
zbeam_distribution	357	1531191
zbeam_distribution	358	1639565
zbeam_distribution	359	1562193
zbeam_distribution	360	1526248
zbeam_distribution	361	1618267
zbeam_distribution	362	1481729
zbeam_distribution	363	1586268
zbeam_distribution	364	1508961
zbeam_distribution	365	1502663
zbeam_distribution	366	1608287
zbeam_distribution	367	1534315
zbeam_distribution	368	1550951
zbeam_distribution	369	1492060
zbeam_distribution	370	1532915
zbeam_distribution	371	1559327
zbeam_distribution	372	1497676
zbeam_distribution	373	1640650
zbeam_distribution	374	1541275
zbeam_distribution	375	1523266
zbeam_distribution	376	1523211
zbeam_distribution	377	1549893
zbeam_distribution	378	1639934
zbeam_distribution	379	1498393
zbeam_distribution	380	1513337
zbeam_distribution	381	1561024
zbeam_distribution	382	1466884
zbeam_distribution	383	1493488
zbeam_distribution	384	1598198
zbeam_distribution	385	1564319
zbeam_distribution	386	1622851
zbeam_distribution	387	1537450
zbeam_distribution	388	1738387
zbeam_distribution	389	1439801
zbeam_distribution	390	1474940
zbeam_distribution	391	1531191
zbeam_distribution	392	1429820
zbeam_distribution	393	1577732
zbeam_distribution	394	1696482
zbeam_distribution	395	1535301
zbeam_distribution	396	1633255
zbeam_distribution	397	1625298
zbeam_distribution	398	1872288
zbeam_distribution	399	1807413
zbeam_distribution	400	1540839
zbeam_distribution	401	1492303
zbeam_distribution	402	1503919
zbeam_distribution	403	1526066
zbeam_distribution	404	1445260
zbeam_distribution	405	1486996
zbeam_distribution	406	1795255
zbeam_distribution	407	1659906
zbeam_distribution	408	1502541
zbeam_distribution	409	1678132
zbeam_distribution	410	1575473
zbeam_distribution	411	1516963
zbeam_distribution	412	1529664
zbeam_distribution	413	1503599
zbeam_distribution	414	1615826
zbeam_distribution	415	1518869
zbeam_distribution	416	1474642
zbeam_distribution	417	1490424
zbeam_distribution	418	1410473
zbeam_distribution	419	1553486
zbeam_distribution	420	1547512
zbeam_distribution	421	1808554
zbeam_distribution	422	1853809
zbeam_distribution	423	1706953
zbeam_distribution	424	1797968
zbeam_distribution	425	1567119
zbeam_distribution	426	1753563
zbeam_distribution	427	2046536
zbeam_distribution	428	1824799
zbeam_distribution	429	1558170
zbeam_distribution	430	1683379
zbeam_distribution	431	1843622
zbeam_distribution	432	1583540
zbeam_distribution	433	1685924
zbeam_distribution	434	1486380
zbeam_distribution	435	1544228
zbeam_distribution	436	1473562
zbeam_distribution	437	1504090
zbeam_distribution	438	1467371
zbeam_distribution	439	1462199
zbeam_distribution	440	1673582
zbeam_distribution	441	1540862
zbeam_distribution	442	1707183
zbeam_distribution	443	1707034
zbeam_distribution	444	1452336
zbeam_distribution	445	1541490
zbeam_distribution	446	1509821
zbeam_distribution	447	1675631
zbeam_distribution	448	1472305
zbeam_distribution	449	1418744
zbeam_distribution	450	1528513
zbeam_distribution	451	1540139
zbeam_distribution	452	1514395
zbeam_distribution	453	1656449
zbeam_distribution	454	2152775
zbeam_distribution	455	2038047
zbeam_distribution	456	1584366
zbeam_distribution	457	1522203
zbeam_distribution	458	1586686
zbeam_distribution	459	1525250
zbeam_distribution	460	1437480
zbeam_distribution	461	1657005
zbeam_distribution	462	1594979
zbeam_distribution	463	1772874
zbeam_distribution	464	1540266
zbeam_distribution	465	1499302
zbeam_distribution	466	1516350
zbeam_distribution	467	1642314
zbeam_distribution	468	1730421
zbeam_distribution	469	1514615
zbeam_distribution	470	1567515
zbeam_distribution	471	1545573
zbeam_distribution	472	1509557
zbeam_distribution	473	1541187
zbeam_distribution	474	1688029
zbeam_distribution	475	1663860
zbeam_distribution	476	1697683
zbeam_distribution	477	1554246
zbeam_distribution	478	1598313
zbeam_distribution	479	1457147
zbeam_distribution	480	1397794
zbeam_distribution	481	1426426
zbeam_distribution	482	1466057
zbeam_distribution	483	1436956
zbeam_distribution	484	1603482
zbeam_distribution	485	1566611
zbeam_distribution	486	1585457
zbeam_distribution	487	1524021
zbeam_distribution	488	1624588
zbeam_distribution	489	1704527
zbeam_distribution	490	1561024
zbeam_distribution	491	1451190
zbeam_distribution	492	1538277
zbeam_distribution	493	1509480
zbeam_distribution	494	1611930
zbeam_distribution	495	1654647
zbeam_distribution	496	1690796
zbeam_distribution	497	1684938
zbeam_distribution	498	1499671
zbeam_distribution	499	1509192
zbeam_distribution	500	1500282
