run_id	variant	repeat	allocator	libc	optimize	workload	arena_retain_bytes	bytes	cycle	iterations	p50_ns	p95_ns	p99_ns	ops_per_second	rss_before_kib	rss_after_kib	rss_idle_kib	hwm_kib	profile_allocations	profile_allocated_bytes	profile_resizes_succeeded
4	arena-zero	3	smp	false	ReleaseSafe	handoff	0	65536	1	2000	14828450	15642433	15850535	8870.2	1272	1276	1276	10068	1	65536	0
4	arena-zero	3	smp	false	ReleaseSafe	handoff	0	65536	2	2000	14840091	15687534	15951221	8902.7	1272	1276	1276	10132	1	65536	0
4	arena-zero	3	smp	false	ReleaseSafe	handoff	0	65536	3	2000	14861112	17567001	17902289	8789.3	1272	1276	1276	10132	1	65536	0
8	arena-zero	3	smp	false	ReleaseSafe	handoff	0	32	1	2000	54197	452542	534367	770154.4	1140	1180	1180	1536	1	32	0
8	arena-zero	3	smp	false	ReleaseSafe	handoff	0	32	2	2000	57603	530145	536265	755727.9	1140	1204	1204	1536	1	32	0
8	arena-zero	3	smp	false	ReleaseSafe	handoff	0	32	3	2000	59019	439702	440594	829106.3	1140	1212	1212	1536	1	32	0
11	arena-1m	5	smp	false	ReleaseSafe	handoff	1048576	65536	1	2000	20201816	21108200	21364114	6520.6	1276	1280	1280	10200	1	65536	0
11	arena-1m	5	smp	false	ReleaseSafe	handoff	1048576	65536	2	2000	20018762	22082157	22397829	6466.1	1276	1280	1280	10200	1	65536	0
11	arena-1m	5	smp	false	ReleaseSafe	handoff	1048576	65536	3	2000	20361614	21796769	22234658	6454.9	1276	1280	1280	10200	1	65536	0
12	arena-1m	4	smp	false	ReleaseSafe	echo	1048576	65536	1	2000	99729	121612	164657	9623.5	1280	1480	1480	1480	4	789940	0
12	arena-1m	4	smp	false	ReleaseSafe	echo	1048576	65536	2	2000	99740	125081	175179	9575.3	1280	1480	1480	1480	4	789940	0
12	arena-1m	4	smp	false	ReleaseSafe	echo	1048576	65536	3	2000	99804	140525	201602	9296.7	1280	1480	1480	1480	4	789940	0
13	arena-off	4	smp	false	ReleaseSafe	echo	null	4096	1	2000	8867	8953	19517	108406.2	1216	1220	1220	1220	9	14998	1
13	arena-off	4	smp	false	ReleaseSafe	echo	null	4096	2	2000	8868	9398	20026	106962.8	1216	1220	1220	1220	9	14998	1
13	arena-off	4	smp	false	ReleaseSafe	echo	null	4096	3	2000	8868	9048	17703	108195.2	1216	1220	1220	1220	9	14998	1
14	arena-zero	4	smp	false	ReleaseSafe	echo	0	4096	1	2000	8910	9048	15497	107699.9	1208	1212	1212	1212	3	26354	0
14	arena-zero	4	smp	false	ReleaseSafe	echo	0	4096	2	2000	8911	14213	15317	105845.4	1208	1212	1212	1212	3	26354	0
14	arena-zero	4	smp	false	ReleaseSafe	echo	0	4096	3	2000	8931	14818	19517	93728.8	1208	1212	1212	1212	3	26354	0
15	arena-1m	5	smp	false	ReleaseSafe	echo	1048576	4096	1	2000	6980	8359	14808	135529.8	1204	1212	1212	1212	4	52660	0
15	arena-1m	5	smp	false	ReleaseSafe	echo	1048576	4096	2	2000	6980	7043	11488	138697.7	1204	1212	1212	1212	4	52660	0
15	arena-1m	5	smp	false	ReleaseSafe	echo	1048576	4096	3	2000	6980	8380	12357	136275.5	1204	1212	1212	1212	4	52660	0
16	arena-zero	4	smp	false	ReleaseSafe	handoff	0	65536	1	2000	14408291	15028713	15176436	9205.6	1272	1276	1276	10160	1	65536	0
16	arena-zero	4	smp	false	ReleaseSafe	handoff	0	65536	2	2000	14700920	15655160	15801082	8963.5	1272	1276	1276	10160	1	65536	0
16	arena-zero	4	smp	false	ReleaseSafe	handoff	0	65536	3	2000	14523121	15020346	15119613	9133.4	1272	1276	1276	10160	1	65536	0
17	arena-off	4	smp	false	ReleaseSafe	echo	null	32	1	2000	1154	1196	1259	790980.9	1160	1176	1176	1176	9	627	0
17	arena-off	4	smp	false	ReleaseSafe	echo	null	32	2	2000	1185	1747	2021	716643.0	1160	1176	1176	1176	9	627	0
17	arena-off	4	smp	false	ReleaseSafe	echo	null	32	3	2000	1165	1408	1471	762462.7	1160	1176	1176	1176	9	627	0
18	arena-1m	2	smp	false	ReleaseSafe	handoff	1048576	65536	1	2000	19734250	20350413	20512986	6688.8	1272	1276	1276	10068	1	65536	0
18	arena-1m	2	smp	false	ReleaseSafe	handoff	1048576	65536	2	2000	19776144	21649542	22021154	6662.8	1272	1276	1276	10068	1	65536	0
18	arena-1m	2	smp	false	ReleaseSafe	handoff	1048576	65536	3	2000	19910272	20530334	20841954	6653.0	1272	1276	1276	10068	1	65536	0
19	arena-zero	5	smp	false	ReleaseSafe	echo	0	32	1	2000	1059	1154	1165	861365.0	1148	1152	1152	1152	2	1454	1
19	arena-zero	5	smp	false	ReleaseSafe	echo	0	32	2	2000	1069	1768	1989	771408.8	1148	1152	1152	1152	2	1454	1
19	arena-zero	5	smp	false	ReleaseSafe	echo	0	32	3	2000	1069	1091	1524	811955.6	1148	1152	1152	1152	2	1454	1
20	arena-off	2	smp	false	ReleaseSafe	handoff	null	65536	1	2000	14414484	15167624	15274931	9210.2	1272	1276	1276	10068	1	65536	0
20	arena-off	2	smp	false	ReleaseSafe	handoff	null	65536	2	2000	14466955	15145032	15354860	9217.4	1272	1276	1276	10176	1	65536	0
20	arena-off	2	smp	false	ReleaseSafe	handoff	null	65536	3	2000	14436996	15044679	15379251	9178.3	1272	1276	1276	10176	1	65536	0
23	arena-off	3	smp	false	ReleaseSafe	handoff	null	4096	1	2000	2053372	3457616	3636966	63693.6	1184	2400	2400	2604	1	4096	0
23	arena-off	3	smp	false	ReleaseSafe	handoff	null	4096	2	2000	1086322	3822095	4949141	97247.5	1184	2720	2720	2988	1	4096	0
23	arena-off	3	smp	false	ReleaseSafe	handoff	null	4096	3	2000	1310047	2410314	2684332	85206.5	1184	3104	3104	3244	1	4096	0
24	arena-off	4	smp	false	ReleaseSafe	handoff	null	32	1	2000	60887	448704	449298	773135.1	1140	1180	1180	1536	1	32	0
24	arena-off	4	smp	false	ReleaseSafe	handoff	null	32	2	2000	51324	409336	420809	726205.3	1140	1220	1220	1536	1	32	0
24	arena-off	4	smp	false	ReleaseSafe	handoff	null	32	3	2000	32251	578334	591956	657854.9	1140	1248	1248	1536	1	32	0
25	arena-1m	1	smp	false	ReleaseSafe	handoff	1048576	32	1	2000	144595	1195289	1596994	337262.8	1140	1164	1164	1536	1	32	0
25	arena-1m	1	smp	false	ReleaseSafe	handoff	1048576	32	2	2000	45518	454891	467836	783987.2	1140	1196	1196	1536	1	32	0
25	arena-1m	1	smp	false	ReleaseSafe	handoff	1048576	32	3	2000	40581	472483	495271	683337.4	1140	1204	1204	1536	1	32	0
26	arena-1m	5	smp	false	ReleaseSafe	handoff	1048576	32	1	2000	52322	477547	510324	518629.6	1140	1180	1180	1536	1	32	0
26	arena-1m	5	smp	false	ReleaseSafe	handoff	1048576	32	2	2000	86497	423737	425237	666125.1	1140	1196	1196	1536	1	32	0
26	arena-1m	5	smp	false	ReleaseSafe	handoff	1048576	32	3	2000	94218	480385	494337	364442.4	1140	1204	1204	1536	1	32	0
27	arena-zero	3	smp	false	ReleaseSafe	echo	0	32	1	2000	1114	1146	1819	818150.8	1144	1148	1148	1148	2	1454	1
27	arena-zero	3	smp	false	ReleaseSafe	echo	0	32	2	2000	1113	1125	1201	816207.6	1144	1148	1148	1148	2	1454	1
27	arena-zero	3	smp	false	ReleaseSafe	echo	0	32	3	2000	1114	1840	1984	708320.6	1144	1148	1148	1148	2	1454	1
29	arena-1m	3	smp	false	ReleaseSafe	handoff	1048576	32	1	2000	55628	467028	474819	807640.6	1140	1204	1204	1536	1	32	0
29	arena-1m	3	smp	false	ReleaseSafe	handoff	1048576	32	2	2000	29029	410447	423209	860074.9	1140	1268	1268	1536	1	32	0
29	arena-1m	3	smp	false	ReleaseSafe	handoff	1048576	32	3	2000	47753	488838	489180	720732.1	1140	1300	1300	1536	1	32	0
31	arena-off	1	smp	false	ReleaseSafe	handoff	null	65536	1	2000	14995681	16234718	16525736	8752.3	1272	1276	1276	10044	1	65536	0
31	arena-off	1	smp	false	ReleaseSafe	handoff	null	65536	2	2000	14486827	15057400	15165222	9267.5	1272	1276	1276	10044	1	65536	0
31	arena-off	1	smp	false	ReleaseSafe	handoff	null	65536	3	2000	14443768	18417269	19995521	9028.7	1272	1276	1276	10132	1	65536	0
32	arena-off	4	smp	false	ReleaseSafe	handoff	null	65536	1	2000	14430082	15455229	15734670	9057.4	1272	1276	1276	10132	1	65536	0
32	arena-off	4	smp	false	ReleaseSafe	handoff	null	65536	2	2000	14497344	18268128	19272177	9006.0	1272	1276	1276	10132	1	65536	0
32	arena-off	4	smp	false	ReleaseSafe	handoff	null	65536	3	2000	14374045	14917422	15144945	9279.9	1272	1276	1276	10196	1	65536	0
33	arena-zero	1	smp	false	ReleaseSafe	handoff	0	32	1	2000	72831	541031	559016	613065.2	1140	1200	1200	1536	1	32	0
33	arena-zero	1	smp	false	ReleaseSafe	handoff	0	32	2	2000	66197	398520	412668	637740.3	1140	1240	1240	1536	1	32	0
33	arena-zero	1	smp	false	ReleaseSafe	handoff	0	32	3	2000	45879	423362	431909	866402.8	1140	1280	1280	1536	1	32	0
34	arena-zero	1	smp	false	ReleaseSafe	echo	0	32	1	2000	1073	1106	1148	843089.3	1144	1148	1148	1148	2	1454	1
34	arena-zero	1	smp	false	ReleaseSafe	echo	0	32	2	2000	1063	1095	1201	837296.2	1144	1148	1148	1148	2	1454	1
34	arena-zero	1	smp	false	ReleaseSafe	echo	0	32	3	2000	1074	1085	1180	845305.3	1144	1148	1148	1148	2	1454	1
35	arena-zero	1	smp	false	ReleaseSafe	handoff	0	4096	1	2000	1473704	2128375	2235117	87170.5	1184	2272	2272	2476	1	4096	0
35	arena-zero	1	smp	false	ReleaseSafe	handoff	0	4096	2	2000	1077832	2563361	2803334	93215.5	1184	2400	2400	2604	1	4096	0
35	arena-zero	1	smp	false	ReleaseSafe	handoff	0	4096	3	2000	1102971	1840488	1957827	106911.9	1184	2720	2720	2988	1	4096	0
36	arena-1m	5	smp	false	ReleaseSafe	echo	1048576	65536	1	2000	100571	124520	178116	9462.3	1280	1480	1480	1480	4	789940	0
36	arena-1m	5	smp	false	ReleaseSafe	echo	1048576	65536	2	2000	100528	120545	153327	9604.8	1280	1480	1480	1480	4	789940	0
36	arena-1m	5	smp	false	ReleaseSafe	echo	1048576	65536	3	2000	100517	124817	186163	9486.6	1280	1480	1480	1480	4	789940	0
40	arena-1m	1	smp	false	ReleaseSafe	echo	1048576	4096	1	2000	6970	7033	7711	139338.1	1204	1212	1212	1212	4	52660	0
40	arena-1m	1	smp	false	ReleaseSafe	echo	1048576	4096	2	2000	6970	7054	11524	138573.9	1204	1212	1212	1212	4	52660	0
40	arena-1m	1	smp	false	ReleaseSafe	echo	1048576	4096	3	2000	6970	7086	12012	136774.6	1204	1212	1212	1212	4	52660	0
41	arena-zero	5	smp	false	ReleaseSafe	handoff	0	32	1	2000	46284	1336154	1558420	463050.5	1144	1176	1176	1540	1	32	0
41	arena-zero	5	smp	false	ReleaseSafe	handoff	0	32	2	2000	40654	414386	417055	801156.5	1144	1208	1208	1540	1	32	0
41	arena-zero	5	smp	false	ReleaseSafe	handoff	0	32	3	2000	54228	390347	392190	609176.5	1144	1244	1244	1540	1	32	0
42	arena-1m	4	smp	false	ReleaseSafe	echo	1048576	4096	1	2000	6980	7066	12245	137187.1	1204	1212	1212	1212	4	52660	0
42	arena-1m	4	smp	false	ReleaseSafe	echo	1048576	4096	2	2000	6981	7066	11768	136041.9	1204	1212	1212	1212	4	52660	0
42	arena-1m	4	smp	false	ReleaseSafe	echo	1048576	4096	3	2000	6981	8368	11811	136105.4	1204	1212	1212	1212	4	52660	0
45	arena-off	2	smp	false	ReleaseSafe	handoff	null	32	1	2000	69146	502298	857034	600965.0	1140	1184	1184	1536	1	32	0
45	arena-off	2	smp	false	ReleaseSafe	handoff	null	32	2	2000	62564	367578	368383	755234.2	1140	1204	1204	1536	1	32	0
45	arena-off	2	smp	false	ReleaseSafe	handoff	null	32	3	2000	52734	446248	446704	809520.6	1140	1244	1244	1536	1	32	0
46	arena-off	2	smp	false	ReleaseSafe	echo	null	32	1	2000	1144	1155	1240	806388.2	1164	1180	1180	1180	9	627	0
46	arena-off	2	smp	false	ReleaseSafe	echo	null	32	2	2000	1165	1631	1960	759565.0	1164	1180	1180	1180	9	627	0
46	arena-off	2	smp	false	ReleaseSafe	echo	null	32	3	2000	1144	1175	1261	796701.3	1164	1180	1180	1180	9	627	0
48	arena-zero	4	smp	false	ReleaseSafe	handoff	0	32	1	2000	54276	434353	447753	554245.2	1140	1196	1196	1536	1	32	0
48	arena-zero	4	smp	false	ReleaseSafe	handoff	0	32	2	2000	44912	457684	459390	877356.5	1140	1220	1220	1536	1	32	0
48	arena-zero	4	smp	false	ReleaseSafe	handoff	0	32	3	2000	54255	354613	356425	627079.4	1140	1240	1240	1536	1	32	0
49	arena-zero	1	smp	false	ReleaseSafe	handoff	0	65536	1	2000	14551697	15339832	15583707	9096.1	1272	1276	1276	10152	1	65536	0
49	arena-zero	1	smp	false	ReleaseSafe	handoff	0	65536	2	2000	14471739	15156294	15632195	8955.0	1272	1276	1276	10152	1	65536	0
49	arena-zero	1	smp	false	ReleaseSafe	handoff	0	65536	3	2000	14792134	15363931	15511333	9033.4	1272	1276	1276	10152	1	65536	0
50	arena-1m	2	smp	false	ReleaseSafe	echo	1048576	4096	1	2000	7019	7126	12549	134681.5	1208	1216	1216	1216	4	52660	0
50	arena-1m	2	smp	false	ReleaseSafe	echo	1048576	4096	2	2000	7009	7126	13040	134955.8	1208	1216	1216	1216	4	52660	0
50	arena-1m	2	smp	false	ReleaseSafe	echo	1048576	4096	3	2000	7009	7157	12146	136571.0	1208	1216	1216	1216	4	52660	0
51	arena-1m	4	smp	false	ReleaseSafe	handoff	1048576	4096	1	2000	2468154	4139747	4537493	51042.1	1184	2592	2592	2860	1	4096	0
51	arena-1m	4	smp	false	ReleaseSafe	handoff	1048576	4096	2	2000	1812742	3253491	3899736	65731.6	1184	3168	3168	3500	1	4096	0
51	arena-1m	4	smp	false	ReleaseSafe	handoff	1048576	4096	3	2000	2055747	3576017	3723840	57711.6	1184	3424	3424	3628	1	4096	0
53	arena-1m	5	smp	false	ReleaseSafe	handoff	1048576	4096	1	2000	2278407	3457724	3592540	53662.3	1188	2340	2340	2608	1	4096	0
53	arena-1m	5	smp	false	ReleaseSafe	handoff	1048576	4096	2	2000	2231994	3194309	3410965	58057.5	1188	2724	2724	2992	1	4096	0
53	arena-1m	5	smp	false	ReleaseSafe	handoff	1048576	4096	3	2000	1911455	2917892	3671790	64749.9	1188	3172	3172	3376	1	4096	0
54	arena-zero	5	smp	false	ReleaseSafe	echo	0	4096	1	2000	8913	9125	19548	106997.3	1204	1208	1208	1208	3	26354	0
54	arena-zero	5	smp	false	ReleaseSafe	echo	0	4096	2	2000	8912	9582	21048	106304.3	1204	1208	1208	1208	3	26354	0
54	arena-zero	5	smp	false	ReleaseSafe	echo	0	4096	3	2000	8912	9050	15784	108144.9	1204	1208	1208	1208	3	26354	0
55	arena-off	1	smp	false	ReleaseSafe	echo	null	32	1	2000	1128	1149	1160	821237.5	1160	1176	1176	1176	9	627	0
55	arena-off	1	smp	false	ReleaseSafe	echo	null	32	2	2000	1149	1670	2010	728548.9	1160	1176	1176	1176	9	627	0
55	arena-off	1	smp	false	ReleaseSafe	echo	null	32	3	2000	1138	1160	1893	801212.7	1160	1176	1176	1176	9	627	0
56	arena-zero	1	smp	false	ReleaseSafe	echo	0	4096	1	2000	8913	9051	15676	107622.2	1204	1208	1208	1208	3	26354	0
56	arena-zero	1	smp	false	ReleaseSafe	echo	0	4096	2	2000	8913	9008	14953	108860.2	1204	1208	1208	1208	3	26354	0
56	arena-zero	1	smp	false	ReleaseSafe	echo	0	4096	3	2000	8912	9008	15847	107565.7	1204	1208	1208	1208	3	26354	0
58	arena-off	1	smp	false	ReleaseSafe	echo	null	4096	1	2000	8913	8998	15326	108483.6	1220	1224	1224	1224	9	14998	1
58	arena-off	1	smp	false	ReleaseSafe	echo	null	4096	2	2000	8912	9029	16336	107282.2	1220	1224	1224	1224	9	14998	1
58	arena-off	1	smp	false	ReleaseSafe	echo	null	4096	3	2000	8913	9019	19707	107949.6	1220	1224	1224	1224	9	14998	1
59	arena-off	5	smp	false	ReleaseSafe	echo	null	32	1	2000	1159	1170	1265	785093.0	1160	1176	1176	1176	9	627	0
59	arena-off	5	smp	false	ReleaseSafe	echo	null	32	2	2000	1159	1223	1265	787433.5	1160	1176	1176	1176	9	627	0
59	arena-off	5	smp	false	ReleaseSafe	echo	null	32	3	2000	1138	1255	1415	770473.0	1160	1176	1176	1176	9	627	0
61	arena-zero	1	smp	false	ReleaseSafe	echo	0	65536	1	2000	396861	511931	617250	2415.6	1284	1288	1288	1288	3	394994	0
61	arena-zero	1	smp	false	ReleaseSafe	echo	0	65536	2	2000	401191	516833	633577	2394.3	1284	1288	1288	1348	3	394994	0
61	arena-zero	1	smp	false	ReleaseSafe	echo	0	65536	3	2000	388848	506878	659678	2440.2	1284	1288	1288	1348	3	394994	0
62	arena-off	5	smp	false	ReleaseSafe	echo	null	4096	1	2000	9007	15097	16566	103112.2	1216	1220	1220	1220	9	14998	1
62	arena-off	5	smp	false	ReleaseSafe	echo	null	4096	2	2000	9006	9103	15680	107611.1	1216	1220	1220	1220	9	14998	1
62	arena-off	5	smp	false	ReleaseSafe	echo	null	4096	3	2000	9006	9125	21187	104081.6	1216	1220	1220	1220	9	14998	1
63	arena-1m	3	smp	false	ReleaseSafe	handoff	1048576	4096	1	2000	2760779	3790219	4396433	48623.9	1188	2340	2340	2608	1	4096	0
63	arena-1m	3	smp	false	ReleaseSafe	handoff	1048576	4096	2	2000	2402728	4198547	4637506	51775.6	1188	2532	2532	2736	1	4096	0
63	arena-1m	3	smp	false	ReleaseSafe	handoff	1048576	4096	3	2000	2614409	3267592	3357263	53024.4	1188	3172	3172	3452	1	4096	0
64	arena-zero	2	smp	false	ReleaseSafe	handoff	0	4096	1	2000	1457178	1961417	2051763	91076.3	1184	2528	2528	2860	1	4096	0
64	arena-zero	2	smp	false	ReleaseSafe	handoff	0	4096	2	2000	1508705	2313306	2501041	83388.4	1184	2976	2976	3116	1	4096	0
64	arena-zero	2	smp	false	ReleaseSafe	handoff	0	4096	3	2000	2024934	3200446	3341498	61434.3	1184	3296	3296	3500	1	4096	0
65	arena-1m	3	smp	false	ReleaseSafe	echo	1048576	4096	1	2000	7116	11490	12958	130870.8	1208	1216	1216	1216	4	52660	0
65	arena-1m	3	smp	false	ReleaseSafe	echo	1048576	4096	2	2000	7116	7224	12796	132715.0	1208	1216	1216	1216	4	52660	0
65	arena-1m	3	smp	false	ReleaseSafe	echo	1048576	4096	3	2000	7116	7181	11706	135880.6	1208	1216	1216	1216	4	52660	0
66	arena-1m	3	smp	false	ReleaseSafe	handoff	1048576	65536	1	2000	20339100	20920006	21138220	6471.1	1276	1280	1280	10136	1	65536	0
66	arena-1m	3	smp	false	ReleaseSafe	handoff	1048576	65536	2	2000	20428647	21041533	21213303	6487.6	1276	1280	1280	10136	1	65536	0
66	arena-1m	3	smp	false	ReleaseSafe	handoff	1048576	65536	3	2000	20457663	24086193	25081058	6284.2	1276	1280	1280	10136	1	65536	0
69	arena-zero	2	smp	false	ReleaseSafe	echo	0	65536	1	2000	387458	500645	616198	2470.4	1280	1284	1284	1300	3	394994	0
69	arena-zero	2	smp	false	ReleaseSafe	echo	0	65536	2	2000	391135	503608	631742	2460.3	1280	1284	1284	1300	3	394994	0
69	arena-zero	2	smp	false	ReleaseSafe	echo	0	65536	3	2000	393202	510833	643722	2434.2	1280	1284	1284	1508	3	394994	0
70	arena-off	2	smp	false	ReleaseSafe	echo	null	65536	1	2000	460880	595958	724893	2085.1	1296	1300	1300	1408	9	230038	1
70	arena-off	2	smp	false	ReleaseSafe	echo	null	65536	2	2000	461316	623722	732326	2080.0	1296	1300	1300	1408	9	230038	1
70	arena-off	2	smp	false	ReleaseSafe	echo	null	65536	3	2000	465133	632643	744839	2056.1	1296	1300	1300	1408	9	230038	1
71	arena-off	1	smp	false	ReleaseSafe	handoff	null	4096	1	2000	1276988	2343470	2665859	91428.2	1184	2336	2336	2604	1	4096	0
71	arena-off	1	smp	false	ReleaseSafe	handoff	null	4096	2	2000	1655611	2645584	2954203	79811.5	1184	2720	2720	2860	1	4096	0
71	arena-off	1	smp	false	ReleaseSafe	handoff	null	4096	3	2000	1017846	1281583	1344446	121687.8	1184	2784	2784	2912	1	4096	0
73	arena-zero	2	smp	false	ReleaseSafe	handoff	0	65536	1	2000	14613056	15100259	15165904	9092.5	1276	1280	1280	10072	1	65536	0
73	arena-zero	2	smp	false	ReleaseSafe	handoff	0	65536	2	2000	14440602	15087919	15360822	9179.4	1276	1280	1280	10168	1	65536	0
73	arena-zero	2	smp	false	ReleaseSafe	handoff	0	65536	3	2000	14375272	15420181	15490500	9232.0	1276	1280	1280	10168	1	65536	0
74	arena-zero	4	smp	false	ReleaseSafe	echo	0	65536	1	2000	387412	499102	634262	2472.5	1280	1284	1284	1356	3	394994	0
74	arena-zero	4	smp	false	ReleaseSafe	echo	0	65536	2	2000	388348	505302	607815	2470.0	1280	1284	1284	1356	3	394994	0
74	arena-zero	4	smp	false	ReleaseSafe	echo	0	65536	3	2000	385338	502781	644343	2472.1	1280	1284	1284	1360	3	394994	0
75	arena-zero	2	smp	false	ReleaseSafe	echo	0	4096	1	2000	9135	9273	15387	106101.5	1208	1212	1212	1212	3	26354	0
75	arena-zero	2	smp	false	ReleaseSafe	echo	0	4096	2	2000	9145	10889	19088	103241.9	1208	1212	1212	1212	3	26354	0
75	arena-zero	2	smp	false	ReleaseSafe	echo	0	4096	3	2000	9145	9284	16068	105153.5	1208	1212	1212	1212	3	26354	0
77	arena-1m	1	smp	false	ReleaseSafe	handoff	1048576	65536	1	2000	20000598	21328763	21822936	6583.4	1272	1276	1276	10068	1	65536	0
77	arena-1m	1	smp	false	ReleaseSafe	handoff	1048576	65536	2	2000	20282620	20902340	21275341	6500.5	1272	1276	1276	10068	1	65536	0
77	arena-1m	1	smp	false	ReleaseSafe	handoff	1048576	65536	3	2000	20058881	23801482	24548021	6504.3	1272	1276	1276	10068	1	65536	0
79	arena-zero	3	smp	false	ReleaseSafe	handoff	0	4096	1	2000	1583679	2633906	2776050	83236.0	1188	2276	2276	2352	1	4096	0
79	arena-zero	3	smp	false	ReleaseSafe	handoff	0	4096	2	2000	1282258	2340571	2669566	91152.3	1188	2724	2724	2836	1	4096	0
79	arena-zero	3	smp	false	ReleaseSafe	handoff	0	4096	3	2000	1311382	2457059	2581392	85671.6	1188	2980	2980	3220	1	4096	0
80	arena-zero	5	smp	false	ReleaseSafe	handoff	0	4096	1	2000	1078152	3481239	3733005	82858.3	1184	2592	2592	2860	1	4096	0
80	arena-zero	5	smp	false	ReleaseSafe	handoff	0	4096	2	2000	1498279	3063971	3261953	79220.5	1184	3104	3104	3244	1	4096	0
80	arena-zero	5	smp	false	ReleaseSafe	handoff	0	4096	3	2000	1237200	1899220	2207714	98892.4	1184	3296	3296	3628	1	4096	0
82	arena-off	1	smp	false	ReleaseSafe	handoff	null	32	1	2000	78422	439490	510733	777613.4	1144	1184	1184	1536	1	32	0
82	arena-off	1	smp	false	ReleaseSafe	handoff	null	32	2	2000	36230	475090	490484	783008.1	1144	1204	1204	1536	1	32	0
82	arena-off	1	smp	false	ReleaseSafe	handoff	null	32	3	2000	47212	423285	424447	678536.8	1144	1216	1216	1536	1	32	0
83	arena-off	4	smp	false	ReleaseSafe	echo	null	65536	1	2000	458202	611821	745605	2094.5	1296	1300	1300	1340	9	230038	1
83	arena-off	4	smp	false	ReleaseSafe	echo	null	65536	2	2000	465186	607963	738767	2069.7	1296	1300	1300	1340	9	230038	1
83	arena-off	4	smp	false	ReleaseSafe	echo	null	65536	3	2000	466967	628864	733837	2055.3	1296	1300	1300	1372	9	230038	1
85	arena-off	3	smp	false	ReleaseSafe	handoff	null	65536	1	2000	14805461	15603439	15962479	8983.0	1272	1276	1276	10152	1	65536	0
85	arena-off	3	smp	false	ReleaseSafe	handoff	null	65536	2	2000	15070051	16788138	16890889	8719.1	1272	1276	1276	10152	1	65536	0
85	arena-off	3	smp	false	ReleaseSafe	handoff	null	65536	3	2000	14955322	16004459	16140451	8907.1	1272	1276	1276	10152	1	65536	0
86	arena-1m	4	smp	false	ReleaseSafe	handoff	1048576	65536	1	2000	20390884	21197381	21556911	6495.7	1272	1276	1276	10068	1	65536	0
86	arena-1m	4	smp	false	ReleaseSafe	handoff	1048576	65536	2	2000	20083086	20987857	21643829	6568.5	1272	1276	1276	10068	1	65536	0
86	arena-1m	4	smp	false	ReleaseSafe	handoff	1048576	65536	3	2000	20203383	20735344	20995694	6512.4	1272	1276	1276	10144	1	65536	0
87	arena-zero	5	smp	false	ReleaseSafe	handoff	0	65536	1	2000	14833374	17451836	19177653	8447.7	1272	1276	1276	10132	1	65536	0
87	arena-zero	5	smp	false	ReleaseSafe	handoff	0	65536	2	2000	15167467	18512366	19895580	8614.5	1272	1276	1276	10132	1	65536	0
87	arena-zero	5	smp	false	ReleaseSafe	handoff	0	65536	3	2000	14655462	15122737	15407088	8941.0	1272	1276	1276	10132	1	65536	0
88	arena-off	1	smp	false	ReleaseSafe	echo	null	65536	1	2000	467398	618530	771291	2053.1	1296	1300	1300	1408	9	230038	1
88	arena-off	1	smp	false	ReleaseSafe	echo	null	65536	2	2000	460934	620781	769785	2079.3	1296	1300	1300	1412	9	230038	1
88	arena-off	1	smp	false	ReleaseSafe	echo	null	65536	3	2000	460593	602463	728370	2084.2	1296	1300	1300	1412	9	230038	1
89	arena-1m	2	smp	false	ReleaseSafe	handoff	1048576	32	1	2000	114475	2562225	3161290	287540.9	1140	1204	1204	1536	1	32	0
89	arena-1m	2	smp	false	ReleaseSafe	handoff	1048576	32	2	2000	71728	438799	439077	644007.9	1140	1228	1228	1536	1	32	0
89	arena-1m	2	smp	false	ReleaseSafe	handoff	1048576	32	3	2000	76174	411782	443847	774731.1	1140	1236	1236	1536	1	32	0
90	arena-1m	4	smp	false	ReleaseSafe	handoff	1048576	32	1	2000	194973	2493222	3330571	218107.7	1140	1200	1200	1536	1	32	0
90	arena-1m	4	smp	false	ReleaseSafe	handoff	1048576	32	2	2000	68629	469096	482771	711646.5	1140	1232	1232	1540	1	32	0
90	arena-1m	4	smp	false	ReleaseSafe	handoff	1048576	32	3	2000	75061	474576	475566	609001.2	1140	1264	1264	1540	1	32	0
92	arena-zero	2	smp	false	ReleaseSafe	echo	0	32	1	2000	1065	1076	1129	872682.2	1144	1148	1148	1148	2	1454	1
92	arena-zero	2	smp	false	ReleaseSafe	echo	0	32	2	2000	1065	1097	1203	820910.9	1144	1148	1148	1148	2	1454	1
92	arena-zero	2	smp	false	ReleaseSafe	echo	0	32	3	2000	1076	1299	1310	840872.8	1144	1148	1148	1148	2	1454	1
94	arena-1m	3	smp	false	ReleaseSafe	echo	1048576	32	1	2000	967	978	1063	951218.7	1148	1160	1160	1160	3	2884	1
94	arena-1m	3	smp	false	ReleaseSafe	echo	1048576	32	2	2000	966	978	1083	922738.2	1148	1160	1160	1160	3	2884	1
94	arena-1m	3	smp	false	ReleaseSafe	echo	1048576	32	3	2000	1647	1849	2252	556605.1	1148	1160	1160	1160	3	2884	1
95	arena-1m	4	smp	false	ReleaseSafe	echo	1048576	32	1	2000	967	1041	1042	952074.9	1152	1164	1164	1164	3	2884	1
95	arena-1m	4	smp	false	ReleaseSafe	echo	1048576	32	2	2000	967	1147	1254	920410.3	1152	1164	1164	1164	3	2884	1
95	arena-1m	4	smp	false	ReleaseSafe	echo	1048576	32	3	2000	967	978	1084	932247.9	1152	1164	1164	1164	3	2884	1
101	arena-1m	2	smp	false	ReleaseSafe	echo	1048576	32	1	2000	991	992	1034	933443.2	1148	1160	1160	1160	3	2884	1
101	arena-1m	2	smp	false	ReleaseSafe	echo	1048576	32	2	2000	981	1454	1691	878165.1	1148	1160	1160	1160	3	2884	1
101	arena-1m	2	smp	false	ReleaseSafe	echo	1048576	32	3	2000	981	992	1089	942362.7	1148	1160	1160	1160	3	2884	1
102	arena-off	2	smp	false	ReleaseSafe	handoff	null	4096	1	2000	1659240	2857370	2989838	74057.8	1184	2400	2400	2604	1	4096	0
102	arena-off	2	smp	false	ReleaseSafe	handoff	null	4096	2	2000	1382370	2477358	2714147	81116.7	1184	2592	2592	2732	1	4096	0
102	arena-off	2	smp	false	ReleaseSafe	handoff	null	4096	3	2000	1244514	2118666	2350757	98535.4	1184	2848	2848	2988	1	4096	0
103	arena-off	5	smp	false	ReleaseSafe	handoff	null	32	1	2000	83406	1226232	1401395	441341.0	1144	1184	1184	1540	1	32	0
103	arena-off	5	smp	false	ReleaseSafe	handoff	null	32	2	2000	59052	516026	524711	703304.9	1144	1208	1208	1540	1	32	0
103	arena-off	5	smp	false	ReleaseSafe	handoff	null	32	3	2000	69494	474129	565315	641007.8	1144	1208	1208	1540	1	32	0
104	arena-zero	3	smp	false	ReleaseSafe	echo	0	65536	1	2000	388073	522879	649916	2439.0	1280	1284	1284	1284	3	394994	0
104	arena-zero	3	smp	false	ReleaseSafe	echo	0	65536	2	2000	400799	539797	639991	2394.9	1280	1284	1284	1284	3	394994	0
104	arena-zero	3	smp	false	ReleaseSafe	echo	0	65536	3	2000	388568	500594	622933	2451.0	1280	1284	1284	1400	3	394994	0
105	arena-off	5	smp	false	ReleaseSafe	echo	null	65536	1	2000	466489	606425	730746	2066.9	1296	1300	1300	1444	9	230038	1
105	arena-off	5	smp	false	ReleaseSafe	echo	null	65536	2	2000	465648	612643	749656	2063.9	1296	1300	1300	1444	9	230038	1
105	arena-off	5	smp	false	ReleaseSafe	echo	null	65536	3	2000	468358	613485	749764	2053.8	1296	1300	1300	1444	9	230038	1
109	arena-zero	2	smp	false	ReleaseSafe	handoff	0	32	1	2000	41294	444038	444239	793422.2	1140	1200	1200	1536	1	32	0
109	arena-zero	2	smp	false	ReleaseSafe	handoff	0	32	2	2000	39342	468005	474405	907604.9	1140	1232	1232	1536	1	32	0
109	arena-zero	2	smp	false	ReleaseSafe	handoff	0	32	3	2000	70700	371787	373655	745728.8	1140	1268	1268	1548	1	32	0
110	arena-off	3	smp	false	ReleaseSafe	echo	null	32	1	2000	1157	1199	1932	776704.8	1160	1176	1176	1176	9	627	0
110	arena-off	3	smp	false	ReleaseSafe	echo	null	32	2	2000	1147	1189	1943	786134.5	1160	1176	1176	1176	9	627	0
110	arena-off	3	smp	false	ReleaseSafe	echo	null	32	3	2000	1157	1390	1465	787307.3	1160	1176	1176	1176	9	627	0
111	arena-off	2	smp	false	ReleaseSafe	echo	null	4096	1	2000	8969	10752	20029	104473.7	1220	1224	1224	1224	9	14998	1
111	arena-off	2	smp	false	ReleaseSafe	echo	null	4096	2	2000	8969	9075	20411	106372.6	1220	1224	1224	1224	9	14998	1
111	arena-off	2	smp	false	ReleaseSafe	echo	null	4096	3	2000	8979	9117	15306	107497.2	1220	1224	1224	1224	9	14998	1
113	arena-zero	5	smp	false	ReleaseSafe	echo	0	65536	1	2000	384603	514277	618263	2481.6	1280	1284	1284	1400	3	394994	0
113	arena-zero	5	smp	false	ReleaseSafe	echo	0	65536	2	2000	389878	517631	634238	2468.5	1280	1284	1284	1400	3	394994	0
113	arena-zero	5	smp	false	ReleaseSafe	echo	0	65536	3	2000	391449	528043	638207	2447.1	1280	1284	1284	1400	3	394994	0
114	arena-off	4	smp	false	ReleaseSafe	handoff	null	4096	1	2000	1526117	2366546	2582066	83850.0	1188	2276	2276	2608	1	4096	0
114	arena-off	4	smp	false	ReleaseSafe	handoff	null	4096	2	2000	1140187	1909469	1979124	97439.0	1188	2724	2724	2992	1	4096	0
114	arena-off	4	smp	false	ReleaseSafe	handoff	null	4096	3	2000	1715152	4239959	4893552	69469.1	1188	3108	3108	3376	1	4096	0
115	arena-off	3	smp	false	ReleaseSafe	echo	null	4096	1	2000	8894	9012	14542	108380.4	1216	1220	1220	1220	9	14998	1
115	arena-off	3	smp	false	ReleaseSafe	echo	null	4096	2	2000	8884	8979	18225	107921.9	1216	1220	1220	1220	9	14998	1
115	arena-off	3	smp	false	ReleaseSafe	echo	null	4096	3	2000	8884	9054	15571	107711.6	1216	1220	1220	1220	9	14998	1
116	arena-1m	2	smp	false	ReleaseSafe	echo	1048576	65536	1	2000	99869	121203	167639	9616.7	1280	1480	1480	1480	4	789940	0
116	arena-1m	2	smp	false	ReleaseSafe	echo	1048576	65536	2	2000	99858	123018	164328	9618.4	1280	1480	1480	1480	4	789940	0
116	arena-1m	2	smp	false	ReleaseSafe	echo	1048576	65536	3	2000	99922	124875	175813	9471.8	1280	1480	1480	1480	4	789940	0
117	arena-1m	1	smp	false	ReleaseSafe	echo	1048576	65536	1	2000	99656	123655	165146	9611.4	1280	1480	1480	1480	4	789940	0
117	arena-1m	1	smp	false	ReleaseSafe	echo	1048576	65536	2	2000	99592	120184	164020	9659.0	1280	1480	1480	1480	4	789940	0
117	arena-1m	1	smp	false	ReleaseSafe	echo	1048576	65536	3	2000	99572	120704	167512	9682.7	1280	1480	1480	1480	4	789940	0
118	arena-1m	3	smp	false	ReleaseSafe	echo	1048576	65536	1	2000	100059	136191	191352	9388.7	1280	1480	1480	1480	4	789940	0
118	arena-1m	3	smp	false	ReleaseSafe	echo	1048576	65536	2	2000	99985	121691	158236	9643.4	1280	1480	1480	1480	4	789940	0
118	arena-1m	3	smp	false	ReleaseSafe	echo	1048576	65536	3	2000	100048	129461	188836	9430.5	1280	1480	1480	1480	4	789940	0
122	arena-1m	1	smp	false	ReleaseSafe	echo	1048576	32	1	2000	985	1080	1705	924305.0	1148	1160	1160	1160	3	2884	1
122	arena-1m	1	smp	false	ReleaseSafe	echo	1048576	32	2	2000	974	996	1663	894922.7	1148	1160	1160	1160	3	2884	1
122	arena-1m	1	smp	false	ReleaseSafe	echo	1048576	32	3	2000	985	1176	1207	909921.8	1148	1160	1160	1160	3	2884	1
125	arena-1m	1	smp	false	ReleaseSafe	handoff	1048576	4096	1	2000	2728177	3646175	3887521	47369.7	1184	2208	2208	2476	1	4096	0
125	arena-1m	1	smp	false	ReleaseSafe	handoff	1048576	4096	2	2000	2440603	4545035	4834036	45161.1	1184	2656	2656	2844	1	4096	0
125	arena-1m	1	smp	false	ReleaseSafe	handoff	1048576	4096	3	2000	2780973	4651001	5052527	45476.0	1184	2976	2976	3228	1	4096	0
126	arena-1m	2	smp	false	ReleaseSafe	handoff	1048576	4096	1	2000	3373495	5444363	5944278	39587.9	1184	2400	2400	2604	1	4096	0
126	arena-1m	2	smp	false	ReleaseSafe	handoff	1048576	4096	2	2000	2806971	3890106	4196681	49347.3	1184	2848	2848	2988	1	4096	0
126	arena-1m	2	smp	false	ReleaseSafe	handoff	1048576	4096	3	2000	4003561	5019920	5157392	36216.3	1184	3104	3104	3372	1	4096	0
127	arena-zero	4	smp	false	ReleaseSafe	echo	0	32	1	2000	1113	1124	1201	821722.1	1148	1152	1152	1152	2	1454	1
127	arena-zero	4	smp	false	ReleaseSafe	echo	0	32	2	2000	1102	1114	1697	814084.0	1148	1152	1152	1152	2	1454	1
127	arena-zero	4	smp	false	ReleaseSafe	echo	0	32	3	2000	1102	1124	1212	819181.0	1148	1152	1152	1152	2	1454	1
128	arena-off	5	smp	false	ReleaseSafe	handoff	null	65536	1	2000	14730534	15714553	16133000	8952.6	1276	1280	1280	10108	1	65536	0
128	arena-off	5	smp	false	ReleaseSafe	handoff	null	65536	2	2000	14987007	15733162	15794201	8846.1	1276	1280	1280	10164	1	65536	0
128	arena-off	5	smp	false	ReleaseSafe	handoff	null	65536	3	2000	15226484	15913475	16120255	8681.8	1276	1280	1280	10164	1	65536	0
129	arena-zero	3	smp	false	ReleaseSafe	echo	0	4096	1	2000	9235	15727	17203	99745.4	1204	1208	1208	1208	3	26354	0
129	arena-zero	3	smp	false	ReleaseSafe	echo	0	4096	2	2000	9225	9357	16234	103274.0	1204	1208	1208	1208	3	26354	0
129	arena-zero	3	smp	false	ReleaseSafe	echo	0	4096	3	2000	9225	9312	14878	105362.9	1204	1208	1208	1208	3	26354	0
130	arena-off	5	smp	false	ReleaseSafe	handoff	null	4096	1	2000	1743112	3276798	3696199	71088.2	1184	2464	2464	2732	1	4096	0
130	arena-off	5	smp	false	ReleaseSafe	handoff	null	4096	2	2000	1730276	2589124	2859095	79071.8	1184	2720	2720	2860	1	4096	0
130	arena-off	5	smp	false	ReleaseSafe	handoff	null	4096	3	2000	1760403	2307641	2389367	77798.0	1184	3104	3104	3304	1	4096	0
131	arena-off	3	smp	false	ReleaseSafe	echo	null	65536	1	2000	478649	626385	825753	2002.1	1296	1300	1300	1480	9	230038	1
131	arena-off	3	smp	false	ReleaseSafe	echo	null	65536	2	2000	478274	661740	814280	1995.3	1296	1300	1300	1480	9	230038	1
131	arena-off	3	smp	false	ReleaseSafe	echo	null	65536	3	2000	458898	616262	757202	2093.0	1296	1300	1300	1480	9	230038	1
132	arena-1m	5	smp	false	ReleaseSafe	echo	1048576	32	1	2000	963	975	1017	938818.2	1148	1160	1160	1160	3	2884	1
132	arena-1m	5	smp	false	ReleaseSafe	echo	1048576	32	2	2000	964	1143	1155	920893.4	1148	1160	1160	1160	3	2884	1
132	arena-1m	5	smp	false	ReleaseSafe	echo	1048576	32	3	2000	963	1144	1186	944220.6	1148	1160	1160	1160	3	2884	1
133	arena-off	3	smp	false	ReleaseSafe	handoff	null	32	1	2000	40255	875244	906466	315665.9	1140	1180	1180	1536	1	32	0
133	arena-off	3	smp	false	ReleaseSafe	handoff	null	32	2	2000	38720	479440	526435	833936.9	1140	1204	1204	1536	1	32	0
133	arena-off	3	smp	false	ReleaseSafe	handoff	null	32	3	2000	71903	399682	403499	759463.5	1140	1232	1232	1540	1	32	0
135	arena-zero	4	smp	false	ReleaseSafe	handoff	0	4096	1	2000	1851009	2851129	3046454	69399.0	1184	2272	2272	2604	1	4096	0
135	arena-zero	4	smp	false	ReleaseSafe	handoff	0	4096	2	2000	1585222	3755365	3994781	70657.5	1184	2592	2592	2860	1	4096	0
135	arena-zero	4	smp	false	ReleaseSafe	handoff	0	4096	3	2000	1072577	2212655	2607302	102059.9	1184	2848	2848	3116	1	4096	0
