run_id	variant	repeat	implementation	iterations	payload_bytes	p50_ns	p95_ns	p99_ns	roundtrips_per_second	child_rss_kib	child_hwm_kib	beam_total_bytes	restart_ns	scheduler_busy_pct
1	arena-zero	5	erlang_port	1000	4096	111651	161561	250628	8361.9	1964	1964	54902392	4493572	10.07
1	arena-zero	5	zbeam_distribution	1000	4096	469767	608949	717090	2085.7	1100	1100	55145272	15529010	2.855
2	arena-zero	5	erlang_port	1000	65536	388488	522201	678784	2430.4	1964	1964	54952080	4780079	12.361
2	arena-zero	5	zbeam_distribution	1000	65536	1443660	1629250	1784732	688.1	1076	1416	55474344	19762715	2.374
3	arena-1m	3	erlang_port	1000	32	97992	143925	210827	9786.1	1964	1964	54908448	4720511	9.25
3	arena-1m	3	zbeam_distribution	1000	32	477268	618212	721335	2033.9	1068	1068	55280672	16457543	2.674
5	arena-1m	4	erlang_port	1000	4096	108909	153258	216498	8598.1	1968	1968	54895096	4405168	10.243
5	arena-1m	4	zbeam_distribution	1000	4096	509088	650649	767906	1936.1	1096	1096	55129152	16049429	2.91
6	arena-off	1	erlang_port	1000	65536	383246	515892	676432	2493.2	1968	1968	54965192	4496055	12.58
6	arena-off	1	zbeam_distribution	1000	65536	1618556	1823216	1950950	611.5	1076	1348	55468016	19732636	1.921
7	arena-off	3	erlang_port	1000	65536	386369	518568	708324	2480.2	1960	1960	55878704	4925263	12.426
7	arena-off	3	zbeam_distribution	1000	65536	1765194	1948795	2162165	562.1	1072	1412	56159544	18555142	2.021
9	arena-zero	3	erlang_port	1000	32	95720	143808	198759	9839.5	1964	1964	54896952	4384856	9.309
9	arena-zero	3	zbeam_distribution	1000	32	459888	577582	674091	2096.9	1072	1072	55203160	16452531	2.746
10	arena-off	1	erlang_port	1000	4096	107749	162493	238759	8648.2	1968	1968	54899176	4193851	10.107
10	arena-off	1	zbeam_distribution	1000	4096	488250	631725	718376	2011.2	1096	1096	55132704	17419943	3.498
21	arena-zero	4	erlang_port	1000	32	92879	138943	208881	10252.0	1964	1964	54919712	4284258	9.729
21	arena-zero	4	zbeam_distribution	1000	32	457876	566114	704062	2127.3	1076	1076	55313256	16779865	2.735
22	arena-zero	3	erlang_port	1000	4096	106798	183335	273198	8497.7	1964	1964	54905184	4447121	10.164
22	arena-zero	3	zbeam_distribution	1000	4096	426599	562383	667106	2239.3	1096	1096	55145176	17014995	2.932
28	arena-zero	3	erlang_port	1000	65536	398280	515095	623056	2432.2	1964	1964	54967872	4578296	12.343
28	arena-zero	3	zbeam_distribution	1000	65536	1695854	2019048	2168133	578.8	1068	1476	55473240	21488739	1.889
30	arena-off	5	erlang_port	1000	32	97182	144473	229517	9687.2	1968	1968	54904168	4470963	9.614
30	arena-off	5	zbeam_distribution	1000	32	528255	650124	733904	1865.0	1076	1076	55289168	16478390	2.718
37	arena-1m	5	erlang_port	1000	65536	385466	532384	664940	2472.7	1968	1968	54961304	4538392	12.362
37	arena-1m	5	zbeam_distribution	1000	65536	1090035	1355774	1545595	894.1	1336	1336	55475656	18786133	2.955
38	arena-1m	2	erlang_port	1000	4096	110658	168034	229184	8470.4	1964	1964	55589344	4363354	10.32
38	arena-1m	2	zbeam_distribution	1000	4096	463852	621442	726722	2085.5	1104	1104	55830432	16580440	2.995
39	arena-off	5	erlang_port	1000	65536	380119	499696	659034	2514.0	1960	1960	54964296	4427691	12.327
39	arena-off	5	zbeam_distribution	1000	65536	1583568	1766404	1881236	625.8	1080	1420	55464896	18427862	2.012
43	arena-off	3	erlang_port	1000	32	95109	140720	208300	9890.0	1968	1968	55587600	4161923	9.507
43	arena-off	3	zbeam_distribution	1000	32	479656	671522	885208	1986.8	1076	1076	55963072	16062807	2.401
44	arena-1m	1	erlang_port	1000	65536	374495	535817	647214	2532.4	1964	1964	54966392	4662341	12.57
44	arena-1m	1	zbeam_distribution	1000	65536	1053650	1347324	1452449	917.2	1332	1332	55465800	18637730	2.722
47	arena-zero	2	erlang_port	1000	32	93288	141525	185293	10053.3	1964	1964	55592224	4306107	9.478
47	arena-zero	2	zbeam_distribution	1000	32	482972	601115	658361	2013.9	1076	1076	55928648	14668807	2.553
52	arena-zero	4	erlang_port	1000	4096	108950	165436	241936	8620.2	1968	1968	54905168	4231111	10.172
52	arena-zero	4	zbeam_distribution	1000	4096	493966	606979	684208	1993.1	1092	1092	55142536	16273414	3.118
57	arena-off	3	erlang_port	1000	4096	104706	154236	244866	8808.0	1968	1968	55587560	4591857	10.808
57	arena-off	3	zbeam_distribution	1000	4096	477087	569276	632046	2126.9	1100	1100	55828456	15709702	3.044
60	arena-zero	1	erlang_port	1000	32	97674	143028	194156	9758.3	1968	1968	54904392	4294014	9.246
60	arena-zero	1	zbeam_distribution	1000	32	473650	607833	738840	2031.7	1072	1072	55289040	15679331	2.667
67	arena-1m	3	erlang_port	1000	4096	114260	176515	270113	8057.5	1964	1964	54907504	4379927	9.804
67	arena-1m	3	zbeam_distribution	1000	4096	466663	590458	667550	2103.4	1104	1104	55137720	16021994	3.219
68	arena-off	5	erlang_port	1000	4096	109723	162251	221663	8642.3	1968	1968	54902720	4494456	10.144
68	arena-off	5	zbeam_distribution	1000	4096	495774	642427	784582	2014.3	1100	1100	55134560	15499470	3.03
72	arena-1m	1	erlang_port	1000	32	92655	158194	217090	9954.4	1968	1968	54906080	4320124	9.784
72	arena-1m	1	zbeam_distribution	1000	32	480854	612090	721637	2017.2	1072	1072	55243112	15954089	2.714
76	arena-zero	2	erlang_port	1000	65536	394580	505402	651085	2464.0	1964	1964	55652360	4632380	12.465
76	arena-zero	2	zbeam_distribution	1000	65536	1582166	1778579	1925952	629.4	1076	1400	56160784	19587722	1.943
78	arena-off	2	erlang_port	1000	65536	385733	518052	668335	2487.4	1964	1964	54969488	4591124	12.35
78	arena-off	2	zbeam_distribution	1000	65536	1553600	1738203	1872261	638.6	1076	1416	55476264	19631098	2.144
81	arena-off	4	erlang_port	1000	4096	110395	155074	208896	8517.6	1968	1968	54902640	4551736	10.315
81	arena-off	4	zbeam_distribution	1000	4096	463281	617171	694846	2094.7	1100	1100	55144304	16146385	3.339
84	arena-off	2	erlang_port	1000	32	97227	143672	222566	9680.0	1964	1964	55581096	4161745	9.325
84	arena-off	2	zbeam_distribution	1000	32	472307	622813	775066	2022.6	1080	1080	55877216	15321387	2.657
91	arena-1m	2	erlang_port	1000	32	92096	141641	193786	10241.8	1968	1968	54917840	4463749	9.678
91	arena-1m	2	zbeam_distribution	1000	32	489741	614157	728972	1990.1	1080	1080	55303056	16096549	2.718
93	arena-zero	4	erlang_port	1000	65536	377613	538344	711730	2485.7	1964	1964	54963504	4550551	12.408
93	arena-zero	4	zbeam_distribution	1000	65536	1558378	1763345	1901924	637.7	1068	1312	55463960	19708565	2.2
96	arena-off	2	erlang_port	1000	4096	111252	168242	227794	8371.3	1964	1964	54915224	4158639	9.921
96	arena-off	2	zbeam_distribution	1000	4096	446312	585304	690414	2163.3	1096	1096	55142824	15539911	3.054
97	arena-off	4	erlang_port	1000	32	93158	135040	199198	10161.2	1964	1964	54903936	4479456	9.653
97	arena-off	4	zbeam_distribution	1000	32	458000	559285	640032	2136.3	1076	1076	55249208	15304872	2.577
98	arena-1m	3	erlang_port	1000	65536	382288	521439	652267	2482.9	1968	1968	54965952	4397912	12.159
98	arena-1m	3	zbeam_distribution	1000	65536	1135930	1341284	1475862	871.5	1336	1336	55465584	19708016	2.542
99	arena-1m	4	erlang_port	1000	65536	379769	516892	626114	2522.3	1964	1964	55652544	4772619	12.475
99	arena-1m	4	zbeam_distribution	1000	65536	1094515	1335749	1433528	895.6	1332	1332	56162960	19640337	2.832
100	arena-off	4	erlang_port	1000	65536	393175	535255	672943	2403.8	1964	1964	55643936	6670003	12.239
100	arena-off	4	zbeam_distribution	1000	65536	1599995	1871454	2082647	614.9	1072	1412	56148536	20188575	2.178
106	arena-zero	1	erlang_port	1000	65536	391635	543209	690004	2415.2	1960	1960	55649792	4609872	12.536
106	arena-zero	1	zbeam_distribution	1000	65536	1505313	1706229	1861283	661.5	1068	1476	56164280	20414750	2.359
107	arena-zero	1	erlang_port	1000	4096	110769	179453	252475	8391.5	1968	1968	55586800	4247405	10.184
107	arena-zero	1	zbeam_distribution	1000	4096	519615	663950	880442	1864.6	1088	1088	55819008	15972953	3.477
108	arena-1m	5	erlang_port	1000	4096	112085	175590	249708	8225.4	1964	1964	55588768	4480461	10.234
108	arena-1m	5	zbeam_distribution	1000	4096	475081	596857	734160	2085.7	1096	1096	55819288	15136301	3.496
112	arena-zero	2	erlang_port	1000	4096	106959	155614	221119	8818.2	1968	1968	54902608	4253666	10.57
112	arena-zero	2	zbeam_distribution	1000	4096	482275	622462	714082	2038.2	1088	1088	55144280	16897422	2.912
119	arena-1m	5	erlang_port	1000	32	94751	132712	182333	10285.7	1968	1968	55824688	4214263	9.908
119	arena-1m	5	zbeam_distribution	1000	32	478117	598504	678303	2050.1	1076	1076	55976176	16811530	2.707
120	arena-1m	2	erlang_port	1000	65536	373777	493560	637212	2561.1	1960	1960	55650960	4578601	12.341
120	arena-1m	2	zbeam_distribution	1000	65536	1322954	1512143	1652041	747.2	1336	1336	56151520	18937839	2.427
121	arena-1m	4	erlang_port	1000	32	93904	143143	176033	10035.4	1968	1968	54916688	4428320	9.655
121	arena-1m	4	zbeam_distribution	1000	32	474125	609458	686865	2049.8	1072	1072	55292168	17186595	2.579
123	arena-1m	1	erlang_port	1000	4096	108474	172966	224472	8607.0	1964	1964	55138872	4266187	10.569
123	arena-1m	1	zbeam_distribution	1000	4096	472907	614032	702605	2074.5	1100	1100	55146152	14691523	3.017
124	arena-off	1	erlang_port	1000	32	98968	151074	235087	9610.2	1964	1964	54905872	4537172	9.688
124	arena-off	1	zbeam_distribution	1000	32	469006	600099	697612	2047.9	1076	1076	55281040	9864928	2.715
134	arena-zero	5	erlang_port	1000	32	95913	143173	191646	9950.5	1968	1968	55824640	4266032	9.462
134	arena-zero	5	zbeam_distribution	1000	32	447771	564169	688181	2159.7	1068	1068	55975272	16173924	2.729
