run_id	variant	repeat	allocator	libc	optimize	workload	bytes	cycle	iterations	p50_ns	p95_ns	p99_ns	ops_per_second	rss_before_kib	rss_after_kib	rss_idle_kib	hwm_kib	profile_allocations	profile_allocated_bytes	profile_resizes_succeeded
1	smp-libc	4	smp	true	ReleaseSafe	handoff	65536	1	2000	14979900	19480707	21571319	8423.7	2336	3448	3448	11724	1	65536	0
1	smp-libc	4	smp	true	ReleaseSafe	handoff	65536	2	2000	14781440	18435486	19335332	8245.9	2336	3448	3448	11732	1	65536	0
1	smp-libc	4	smp	true	ReleaseSafe	handoff	65536	3	2000	14680470	16511679	16664533	8887.5	2336	3448	3448	11784	1	65536	0
2	smp-nolibc	5	smp	false	ReleaseSafe	handoff	65536	1	2000	20398387	25030886	25717251	6077.1	1276	1280	1280	9964	1	65536	0
2	smp-nolibc	5	smp	false	ReleaseSafe	handoff	65536	2	2000	20962804	30044985	34554829	5908.6	1276	1280	1280	9964	1	65536	0
2	smp-nolibc	5	smp	false	ReleaseSafe	handoff	65536	3	2000	20515901	22417202	22982349	6394.3	1276	1280	1280	10156	1	65536	0
3	libc	5	libc	true	ReleaseSafe	handoff	32	1	2000	84339	379787	398375	682400.1	2132	3264	3264	3264	1	32	0
3	libc	5	libc	true	ReleaseSafe	handoff	32	2	2000	40105	261990	414292	809688.7	2132	3264	3264	3264	1	32	0
3	libc	5	libc	true	ReleaseSafe	handoff	32	3	2000	63002	188082	197707	1125439.2	2132	3264	3264	3264	1	32	0
4	libc	4	libc	true	ReleaseSafe	echo	32	1	2000	967	1765	1881	891042.0	2136	2200	2200	2200	7	551	2
4	libc	4	libc	true	ReleaseSafe	echo	32	2	2000	967	978	1724	908566.8	2136	2200	2200	2200	7	551	2
4	libc	4	libc	true	ReleaseSafe	echo	32	3	2000	956	988	1051	940162.9	2136	2200	2200	2200	7	551	2
6	smp-libc	3	smp	true	ReleaseSafe	handoff	65536	1	2000	15445803	25600846	28814863	7516.3	2340	3452	3452	11692	1	65536	0
6	smp-libc	3	smp	true	ReleaseSafe	handoff	65536	2	2000	15110402	20863900	22718577	8064.3	2340	3452	3452	11692	1	65536	0
6	smp-libc	3	smp	true	ReleaseSafe	handoff	65536	3	2000	19155518	24051448	25076139	6592.0	2340	3452	3452	11744	1	65536	0
7	process-nolibc	1	process	false	ReleaseSafe	echo	4096	1	2000	118932	180772	300892	7439.6	1196	1656	1656	1656	9	14998	1
7	process-nolibc	1	process	false	ReleaseSafe	echo	4096	2	2000	155437	230781	347759	5798.5	1196	1708	1708	1708	9	14998	1
7	process-nolibc	1	process	false	ReleaseSafe	echo	4096	3	2000	153451	233566	363867	5847.1	1196	1748	1748	1748	9	14998	1
8	libc	3	libc	true	ReleaseSafe	echo	65536	1	2000	149668	248046	355580	5948.2	2432	2496	2496	2496	7	229871	3
8	libc	3	libc	true	ReleaseSafe	echo	65536	2	2000	150814	246439	351310	5967.8	2432	2496	2496	2496	7	229871	3
8	libc	3	libc	true	ReleaseSafe	echo	65536	3	2000	149784	243128	356596	5960.0	2432	2496	2496	2496	7	229871	3
9	libc	4	libc	true	ReleaseSafe	echo	4096	1	2000	7009	7072	11171	138233.2	2160	2224	2224	2224	7	14831	3
9	libc	4	libc	true	ReleaseSafe	echo	4096	2	2000	7009	7083	11832	138159.7	2160	2224	2224	2224	7	14831	3
9	libc	4	libc	true	ReleaseSafe	echo	4096	3	2000	7019	8165	12894	131566.7	2160	2224	2224	2224	7	14831	3
10	smp-libc	5	smp	true	ReleaseSafe	handoff	4096	1	2000	1439339	2381980	2519557	90132.7	2100	4620	4620	4620	1	4096	0
10	smp-libc	5	smp	true	ReleaseSafe	handoff	4096	2	2000	1059922	1585048	1699254	117510.3	2100	4876	4876	4876	1	4096	0
10	smp-libc	5	smp	true	ReleaseSafe	handoff	4096	3	2000	980200	3620483	4405198	101442.8	2100	4876	4876	4876	1	4096	0
11	debug-libc	4	debug	true	ReleaseSafe	handoff	4096	1	2000	560687	949268	1056070	82578.0	2108	3220	3220	3920	1	4096	0
11	debug-libc	4	debug	true	ReleaseSafe	handoff	4096	2	2000	152330	2970374	3591594	70632.1	2108	3220	3220	3920	1	4096	0
11	debug-libc	4	debug	true	ReleaseSafe	handoff	4096	3	2000	157116	2499238	3043607	73848.1	2108	3220	3220	3920	1	4096	0
12	debug-libc	5	debug	true	ReleaseSafe	echo	32	1	2000	220414	344298	518107	4110.4	2092	2156	2156	2176	9	627	0
12	debug-libc	5	debug	true	ReleaseSafe	echo	32	2	2000	215643	311753	457011	4201.0	2092	2156	2156	2176	9	627	0
12	debug-libc	5	debug	true	ReleaseSafe	echo	32	3	2000	231102	403553	1464023	3495.1	2092	2156	2156	2176	9	627	0
17	smp-nolibc	3	smp	false	ReleaseSafe	echo	4096	1	2000	8774	8900	15710	107037.9	1216	1220	1220	1220	9	14998	1
17	smp-nolibc	3	smp	false	ReleaseSafe	echo	4096	2	2000	8774	14417	16540	107203.6	1216	1220	1220	1220	9	14998	1
17	smp-nolibc	3	smp	false	ReleaseSafe	echo	4096	3	2000	8774	8890	15846	108987.3	1216	1220	1220	1220	9	14998	1
18	debug-libc	3	debug	true	ReleaseSafe	echo	32	1	2000	210849	289346	533537	4321.8	2092	2156	2156	2156	9	627	0
18	debug-libc	3	debug	true	ReleaseSafe	echo	32	2	2000	218278	300915	556917	4229.8	2092	2156	2156	2156	9	627	0
18	debug-libc	3	debug	true	ReleaseSafe	echo	32	3	2000	209966	290522	397980	4398.8	2092	2156	2156	2176	9	627	0
20	libc	1	libc	true	ReleaseSafe	handoff	32	1	2000	50072	338813	352143	942614.1	2136	3268	3268	3268	1	32	0
20	libc	1	libc	true	ReleaseSafe	handoff	32	2	2000	50944	172462	235769	1133730.3	2136	3268	3268	3268	1	32	0
20	libc	1	libc	true	ReleaseSafe	handoff	32	3	2000	67735	168204	205949	1157859.0	2136	3268	3268	3268	1	32	0
21	smp-libc	4	smp	true	ReleaseSafe	handoff	4096	1	2000	1214295	1935868	2323935	108157.3	2100	4300	4300	4300	1	4096	0
21	smp-libc	4	smp	true	ReleaseSafe	handoff	4096	2	2000	1346951	2020818	2142923	97510.9	2100	4684	4684	4684	1	4096	0
21	smp-libc	4	smp	true	ReleaseSafe	handoff	4096	3	2000	1038310	1312463	1350966	126211.0	2100	4812	4812	4812	1	4096	0
24	smp-libc	1	smp	true	ReleaseSafe	handoff	32	1	2000	55462	217540	218890	1069104.8	2080	3248	3248	3248	1	32	0
24	smp-libc	1	smp	true	ReleaseSafe	handoff	32	2	2000	53649	69984	80839	1674615.5	2080	3248	3248	3248	1	32	0
24	smp-libc	1	smp	true	ReleaseSafe	handoff	32	3	2000	52751	130392	142086	1368357.8	2080	3276	3276	3276	1	32	0
27	smp-libc	2	smp	true	ReleaseSafe	handoff	32	1	2000	81750	212521	258968	794384.0	2084	3264	3264	3264	1	32	0
27	smp-libc	2	smp	true	ReleaseSafe	handoff	32	2	2000	47041	217134	307842	1062662.0	2084	3300	3300	3300	1	32	0
27	smp-libc	2	smp	true	ReleaseSafe	handoff	32	3	2000	46778	102278	113217	1474438.0	2084	3300	3300	3300	1	32	0
28	smp-nolibc	2	smp	false	ReleaseSafe	echo	4096	1	2000	8879	9005	15815	108203.6	1216	1220	1220	1220	9	14998	1
28	smp-nolibc	2	smp	false	ReleaseSafe	echo	4096	2	2000	8879	9920	23045	102315.9	1216	1220	1220	1220	9	14998	1
28	smp-nolibc	2	smp	false	ReleaseSafe	echo	4096	3	2000	8890	9048	16120	107419.2	1216	1220	1220	1220	9	14998	1
29	smp-libc	5	smp	true	ReleaseSafe	echo	4096	1	2000	8953	9805	16225	104919.9	2136	2200	2200	2200	9	14998	1
29	smp-libc	5	smp	true	ReleaseSafe	echo	4096	2	2000	8953	9090	20996	106397.3	2136	2200	2200	2200	9	14998	1
29	smp-libc	5	smp	true	ReleaseSafe	echo	4096	3	2000	8953	9068	16235	107074.3	2136	2200	2200	2200	9	14998	1
30	process-nolibc	3	process	false	ReleaseSafe	echo	4096	1	2000	120520	190968	284734	7438.1	1192	1652	1652	1652	9	14998	1
30	process-nolibc	3	process	false	ReleaseSafe	echo	4096	2	2000	153023	210671	322361	5981.3	1192	1704	1704	1704	9	14998	1
30	process-nolibc	3	process	false	ReleaseSafe	echo	4096	3	2000	152392	217333	370161	5904.8	1192	1744	1744	1744	9	14998	1
31	smp-libc	1	smp	true	ReleaseSafe	echo	4096	1	2000	8827	8922	14922	109220.2	2128	2192	2192	2192	9	14998	1
31	smp-libc	1	smp	true	ReleaseSafe	echo	4096	2	2000	8827	8974	15847	108127.1	2128	2192	2192	2192	9	14998	1
31	smp-libc	1	smp	true	ReleaseSafe	echo	4096	3	2000	8838	8921	14659	109654.7	2128	2192	2192	2192	9	14998	1
32	debug-libc	1	debug	true	ReleaseSafe	echo	32	1	2000	216808	328627	603484	4167.9	2092	2156	2156	2176	9	627	0
32	debug-libc	1	debug	true	ReleaseSafe	echo	32	2	2000	219824	307758	425021	4222.5	2092	2156	2156	2176	9	627	0
32	debug-libc	1	debug	true	ReleaseSafe	echo	32	3	2000	216535	299320	426524	4278.4	2092	2156	2156	2176	9	627	0
33	libc	2	libc	true	ReleaseSafe	echo	65536	1	2000	150511	233106	328176	6147.6	2432	2496	2496	2496	7	229871	3
33	libc	2	libc	true	ReleaseSafe	echo	65536	2	2000	148872	192566	285438	6355.0	2432	2496	2496	2496	7	229871	3
33	libc	2	libc	true	ReleaseSafe	echo	65536	3	2000	149177	217113	294470	6238.7	2432	2496	2496	2496	7	229871	3
34	libc	3	libc	true	ReleaseSafe	echo	4096	1	2000	7020	7135	12652	136291.3	2156	2220	2220	2220	7	14831	3
34	libc	3	libc	true	ReleaseSafe	echo	4096	2	2000	7020	7251	12799	134601.8	2156	2220	2220	2220	7	14831	3
34	libc	3	libc	true	ReleaseSafe	echo	4096	3	2000	7020	7125	12663	135950.9	2156	2220	2220	2220	7	14831	3
35	smp-nolibc	4	smp	false	ReleaseSafe	echo	65536	1	2000	452055	615126	743778	2123.1	1300	1304	1304	1464	9	230038	1
35	smp-nolibc	4	smp	false	ReleaseSafe	echo	65536	2	2000	457319	639957	772501	2067.7	1300	1304	1304	1464	9	230038	1
35	smp-nolibc	4	smp	false	ReleaseSafe	echo	65536	3	2000	455659	657980	797028	2077.1	1300	1304	1304	1464	9	230038	1
36	process-nolibc	5	process	false	ReleaseSafe	echo	4096	1	2000	125356	194597	329951	7001.2	1192	1652	1652	1652	9	14998	1
36	process-nolibc	5	process	false	ReleaseSafe	echo	4096	2	2000	160076	245489	372180	5655.6	1192	1704	1704	1704	9	14998	1
36	process-nolibc	5	process	false	ReleaseSafe	echo	4096	3	2000	160549	235296	337575	5710.8	1192	1744	1744	1744	9	14998	1
37	smp-nolibc	1	smp	false	ReleaseSafe	echo	4096	1	2000	14460	16089	66718	67149.4	1216	1220	1220	1220	9	14998	1
37	smp-nolibc	1	smp	false	ReleaseSafe	echo	4096	2	2000	15132	16362	69956	57110.0	1216	1220	1220	1220	9	14998	1
37	smp-nolibc	1	smp	false	ReleaseSafe	echo	4096	3	2000	13955	16456	79455	59523.9	1216	1220	1220	1220	9	14998	1
38	smp-nolibc	4	smp	false	ReleaseSafe	handoff	32	1	2000	62326	678372	700859	555608.3	1140	1204	1204	1536	1	32	0
38	smp-nolibc	4	smp	false	ReleaseSafe	handoff	32	2	2000	69513	536092	547945	631343.6	1140	1236	1236	1536	1	32	0
38	smp-nolibc	4	smp	false	ReleaseSafe	handoff	32	3	2000	105232	635722	774561	529784.1	1140	1276	1276	1536	1	32	0
39	libc	4	libc	true	ReleaseSafe	echo	65536	1	2000	192443	304984	478978	4788.2	2432	2496	2496	2496	7	229871	3
39	libc	4	libc	true	ReleaseSafe	echo	65536	2	2000	153844	264499	359080	5574.3	2432	2496	2496	2496	7	229871	3
39	libc	4	libc	true	ReleaseSafe	echo	65536	3	2000	153456	260201	356543	5771.5	2432	2496	2496	2496	7	229871	3
40	libc	2	libc	true	ReleaseSafe	handoff	32	1	2000	64403	380408	498240	866273.4	2132	3260	3260	3260	1	32	0
40	libc	2	libc	true	ReleaseSafe	handoff	32	2	2000	62984	181443	312264	940365.8	2132	3260	3260	3260	1	32	0
40	libc	2	libc	true	ReleaseSafe	handoff	32	3	2000	71111	104591	130888	1352601.6	2132	3260	3260	3260	1	32	0
43	smp-nolibc	3	smp	false	ReleaseSafe	handoff	65536	1	2000	20322310	21557047	21897581	6479.3	1272	1276	1276	10160	1	65536	0
43	smp-nolibc	3	smp	false	ReleaseSafe	handoff	65536	2	2000	20222461	22075447	22436322	6441.1	1272	1276	1276	10160	1	65536	0
43	smp-nolibc	3	smp	false	ReleaseSafe	handoff	65536	3	2000	21017561	26462423	27674940	5983.4	1272	1276	1276	10164	1	65536	0
44	libc	2	libc	true	ReleaseSafe	echo	32	1	2000	977	1650	1870	850652.6	2136	2200	2200	2200	7	551	2
44	libc	2	libc	true	ReleaseSafe	echo	32	2	2000	967	1797	1881	839406.4	2136	2200	2200	2200	7	551	2
44	libc	2	libc	true	ReleaseSafe	echo	32	3	2000	967	988	1744	943099.5	2136	2200	2200	2200	7	551	2
47	smp-libc	5	smp	true	ReleaseSafe	handoff	32	1	2000	50319	326305	464121	991924.7	2072	3220	3220	3220	1	32	0
47	smp-libc	5	smp	true	ReleaseSafe	handoff	32	2	2000	44229	1413693	1719706	579165.4	2072	3248	3248	3248	1	32	0
47	smp-libc	5	smp	true	ReleaseSafe	handoff	32	3	2000	49961	107043	114452	1223853.1	2072	3280	3280	3280	1	32	0
49	libc	3	libc	true	ReleaseSafe	handoff	32	1	2000	73375	150006	189171	998521.2	2136	3264	3264	3264	1	32	0
49	libc	3	libc	true	ReleaseSafe	handoff	32	2	2000	57372	120541	138090	1179287.0	2136	3268	3268	3268	1	32	0
49	libc	3	libc	true	ReleaseSafe	handoff	32	3	2000	57728	89999	96871	1538726.7	2136	3268	3268	3268	1	32	0
50	smp-nolibc	5	smp	false	ReleaseSafe	handoff	4096	1	2000	2813670	4855871	5281060	42720.7	1188	2532	2532	2736	1	4096	0
50	smp-nolibc	5	smp	false	ReleaseSafe	handoff	4096	2	2000	2318180	4168327	4376077	53696.3	1188	2788	2788	2992	1	4096	0
50	smp-nolibc	5	smp	false	ReleaseSafe	handoff	4096	3	2000	2255599	3115534	3341299	55350.5	1188	3108	3108	3376	1	4096	0
53	smp-libc	1	smp	true	ReleaseSafe	echo	65536	1	2000	451922	632037	784486	2102.1	2364	2428	2428	2564	9	230038	1
53	smp-libc	1	smp	true	ReleaseSafe	echo	65536	2	2000	447648	634625	761874	2118.8	2364	2428	2428	2680	9	230038	1
53	smp-libc	1	smp	true	ReleaseSafe	echo	65536	3	2000	450109	644365	790166	2097.6	2364	2428	2428	2680	9	230038	1
54	libc	5	libc	true	ReleaseSafe	handoff	65536	1	2000	14718124	17351080	17787589	8514.9	2400	3772	3772	12284	1	65536	0
54	libc	5	libc	true	ReleaseSafe	handoff	65536	2	2000	14731482	16806042	17236818	8730.4	2400	3772	3772	12796	1	65536	0
54	libc	5	libc	true	ReleaseSafe	handoff	65536	3	2000	14838306	16405910	16707305	8773.1	2400	3772	3772	12796	1	65536	0
55	smp-libc	1	smp	true	ReleaseSafe	handoff	4096	1	2000	1295879	2173223	2306000	98504.8	2096	4680	4680	4680	1	4096	0
55	smp-libc	1	smp	true	ReleaseSafe	handoff	4096	2	2000	1695885	5471226	6086583	60169.2	2096	4936	4936	4936	1	4096	0
55	smp-libc	1	smp	true	ReleaseSafe	handoff	4096	3	2000	1071099	1500163	1598968	126866.9	2096	5128	5128	5128	1	4096	0
56	debug-libc	2	debug	true	ReleaseSafe	echo	65536	1	2000	601159	871970	1083272	1565.2	2424	2488	2488	2692	9	230038	1
56	debug-libc	2	debug	true	ReleaseSafe	echo	65536	2	2000	606154	867540	1112437	1548.9	2424	2488	2488	2860	9	230038	1
56	debug-libc	2	debug	true	ReleaseSafe	echo	65536	3	2000	595630	790544	1027734	1606.0	2424	2488	2488	2860	9	230038	1
57	smp-libc	3	smp	true	ReleaseSafe	handoff	4096	1	2000	1314063	2756813	3455273	92562.9	2100	4364	4364	4364	1	4096	0
57	smp-libc	3	smp	true	ReleaseSafe	handoff	4096	2	2000	1380069	2513436	2967730	91903.5	2100	4748	4748	4748	1	4096	0
57	smp-libc	3	smp	true	ReleaseSafe	handoff	4096	3	2000	640587	1161870	1311460	159597.7	2100	4876	4876	4876	1	4096	0
58	smp-nolibc	1	smp	false	ReleaseSafe	echo	32	1	2000	1115	1125	1178	843314.0	1160	1176	1176	1176	9	627	0
58	smp-nolibc	1	smp	false	ReleaseSafe	echo	32	2	2000	1125	1146	1230	830586.9	1160	1176	1176	1176	9	627	0
58	smp-nolibc	1	smp	false	ReleaseSafe	echo	32	3	2000	1115	1945	2061	726958.7	1160	1176	1176	1176	9	627	0
59	smp-libc	5	smp	true	ReleaseSafe	echo	32	1	2000	1189	1209	1293	790751.1	2108	2184	2184	2184	9	627	0
59	smp-libc	5	smp	true	ReleaseSafe	echo	32	2	2000	1199	1220	1294	779825.3	2108	2184	2184	2184	9	627	0
59	smp-libc	5	smp	true	ReleaseSafe	echo	32	3	2000	1178	1283	2271	751348.4	2108	2184	2184	2184	9	627	0
64	debug-libc	1	debug	true	ReleaseSafe	handoff	32	1	2000	85069	209831	222348	992128.9	2088	3200	3200	3200	1	32	0
64	debug-libc	1	debug	true	ReleaseSafe	handoff	32	2	2000	39959	171723	185226	1112697.9	2088	3200	3200	3200	1	32	0
64	debug-libc	1	debug	true	ReleaseSafe	handoff	32	3	2000	60544	121460	137168	1005444.5	2088	3200	3200	3200	1	32	0
65	libc	1	libc	true	ReleaseSafe	echo	65536	1	2000	149071	204112	284691	6305.9	2424	2488	2488	2488	7	229871	3
65	libc	1	libc	true	ReleaseSafe	echo	65536	2	2000	148672	197324	272583	6377.4	2424	2488	2488	2488	7	229871	3
65	libc	1	libc	true	ReleaseSafe	echo	65536	3	2000	148703	236386	304501	6248.5	2424	2488	2488	2488	7	229871	3
66	libc	5	libc	true	ReleaseSafe	handoff	4096	1	2000	2661902	4849458	6075211	46279.0	2152	3524	3524	3712	1	4096	0
66	libc	5	libc	true	ReleaseSafe	handoff	4096	2	2000	1605660	1974801	2043025	77643.3	2152	3524	3524	3844	1	4096	0
66	libc	5	libc	true	ReleaseSafe	handoff	4096	3	2000	1917873	3326009	4458651	62001.6	2152	3524	3524	3844	1	4096	0
67	process-nolibc	5	process	false	ReleaseSafe	handoff	4096	1	2000	2200587	2617071	2820669	59172.8	1180	1288	1288	2452	1	4096	0
67	process-nolibc	5	process	false	ReleaseSafe	handoff	4096	2	2000	2215888	2756521	3071550	58617.2	1180	1288	1288	2452	1	4096	0
67	process-nolibc	5	process	false	ReleaseSafe	handoff	4096	3	2000	2278730	3519733	3786372	54606.2	1180	1288	1288	2452	1	4096	0
70	libc	5	libc	true	ReleaseSafe	echo	4096	1	2000	6998	7135	17018	132933.8	2160	2224	2224	2224	7	14831	3
70	libc	5	libc	true	ReleaseSafe	echo	4096	2	2000	6999	7176	14689	134505.3	2160	2224	2224	2224	7	14831	3
70	libc	5	libc	true	ReleaseSafe	echo	4096	3	2000	6999	7271	12779	133083.2	2160	2224	2224	2224	7	14831	3
71	smp-libc	5	smp	true	ReleaseSafe	echo	65536	1	2000	448933	676596	927812	2015.9	2368	2432	2432	2604	9	230038	1
71	smp-libc	5	smp	true	ReleaseSafe	echo	65536	2	2000	447540	631123	790378	2114.3	2368	2432	2432	2604	9	230038	1
71	smp-libc	5	smp	true	ReleaseSafe	echo	65536	3	2000	444618	626552	758389	2140.8	2368	2432	2432	2608	9	230038	1
73	process-nolibc	4	process	false	ReleaseSafe	echo	4096	1	2000	115831	167505	310365	7658.5	1192	1652	1652	1652	9	14998	1
73	process-nolibc	4	process	false	ReleaseSafe	echo	4096	2	2000	151699	210434	373630	5948.3	1192	1704	1704	1704	9	14998	1
73	process-nolibc	4	process	false	ReleaseSafe	echo	4096	3	2000	151330	216666	372988	5896.1	1192	1744	1744	1744	9	14998	1
74	libc	1	libc	true	ReleaseSafe	echo	32	1	2000	978	1524	1818	899281.8	2136	2200	2200	2200	7	551	2
74	libc	1	libc	true	ReleaseSafe	echo	32	2	2000	977	988	1072	946042.0	2136	2200	2200	2200	7	551	2
74	libc	1	libc	true	ReleaseSafe	echo	32	3	2000	967	988	1072	890191.7	2136	2200	2200	2200	7	551	2
76	libc	3	libc	true	ReleaseSafe	handoff	4096	1	2000	1935465	3196897	3450450	61983.4	2152	3524	3524	3712	1	4096	0
76	libc	3	libc	true	ReleaseSafe	handoff	4096	2	2000	1932643	2930103	3044116	64322.2	2152	3524	3524	3712	1	4096	0
76	libc	3	libc	true	ReleaseSafe	handoff	4096	3	2000	1863520	4514143	5019577	57020.6	2152	3524	3524	3744	1	4096	0
78	debug-libc	4	debug	true	ReleaseSafe	echo	32	1	2000	219350	328619	576637	4136.2	2092	2156	2156	2176	9	627	0
78	debug-libc	4	debug	true	ReleaseSafe	echo	32	2	2000	213125	297121	654131	4212.2	2092	2156	2156	2176	9	627	0
78	debug-libc	4	debug	true	ReleaseSafe	echo	32	3	2000	214833	299737	720928	4205.5	2092	2156	2156	2176	9	627	0
79	process-nolibc	1	process	false	ReleaseSafe	echo	65536	1	2000	502036	723848	913542	1889.5	1268	1568	1568	1596	9	230038	1
79	process-nolibc	1	process	false	ReleaseSafe	echo	65536	2	2000	542983	728231	911962	1760.1	1268	1620	1620	1884	9	230038	1
79	process-nolibc	1	process	false	ReleaseSafe	echo	65536	3	2000	536214	745290	974039	1766.2	1268	1660	1660	1908	9	230038	1
80	debug-libc	2	debug	true	ReleaseSafe	handoff	4096	1	2000	121984	827702	1040150	81217.1	2104	3216	3216	3804	1	4096	0
80	debug-libc	2	debug	true	ReleaseSafe	handoff	4096	2	2000	118219	405663	562210	87176.8	2104	3216	3216	3804	1	4096	0
80	debug-libc	2	debug	true	ReleaseSafe	handoff	4096	3	2000	116312	760540	901847	79200.6	2104	3216	3216	3804	1	4096	0
81	libc	4	libc	true	ReleaseSafe	handoff	65536	1	2000	14387431	15342711	15571334	8942.0	2400	3772	3772	12412	1	65536	0
81	libc	4	libc	true	ReleaseSafe	handoff	65536	2	2000	14466131	19239885	22390698	8636.1	2400	3772	3772	12412	1	65536	0
81	libc	4	libc	true	ReleaseSafe	handoff	65536	3	2000	15218751	18394260	19723932	8345.8	2400	3772	3772	12412	1	65536	0
83	debug-libc	1	debug	true	ReleaseSafe	handoff	65536	1	2000	15843464	17997124	18746952	8113.7	2424	3476	3476	11884	1	65536	0
83	debug-libc	1	debug	true	ReleaseSafe	handoff	65536	2	2000	17368159	19979870	20496284	7385.0	2424	3476	3476	11884	1	65536	0
83	debug-libc	1	debug	true	ReleaseSafe	handoff	65536	3	2000	18204133	22967460	24439464	6891.9	2424	3476	3476	11884	1	65536	0
84	debug-libc	5	debug	true	ReleaseSafe	echo	65536	1	2000	609573	884264	1146825	1530.9	2424	2488	2488	2784	9	230038	1
84	debug-libc	5	debug	true	ReleaseSafe	echo	65536	2	2000	608988	817921	1063029	1572.0	2424	2488	2488	2796	9	230038	1
84	debug-libc	5	debug	true	ReleaseSafe	echo	65536	3	2000	604116	830692	1028036	1575.7	2424	2488	2488	2796	9	230038	1
85	process-nolibc	2	process	false	ReleaseSafe	handoff	32	1	2000	98395	525351	620850	572637.0	1128	1208	1208	1536	1	32	0
85	process-nolibc	2	process	false	ReleaseSafe	handoff	32	2	2000	61278	502083	522450	679592.7	1128	1256	1256	1536	1	32	0
85	process-nolibc	2	process	false	ReleaseSafe	handoff	32	3	2000	69078	390160	442300	750596.6	1128	1256	1256	1636	1	32	0
86	process-nolibc	4	process	false	ReleaseSafe	handoff	65536	1	2000	20547549	22759974	23625001	6170.7	1268	1284	1284	10116	1	65536	0
86	process-nolibc	4	process	false	ReleaseSafe	handoff	65536	2	2000	20481441	27743222	30726712	6195.3	1268	1284	1284	10116	1	65536	0
86	process-nolibc	4	process	false	ReleaseSafe	handoff	65536	3	2000	20545938	23953479	24663444	6357.2	1268	1284	1284	10116	1	65536	0
88	process-nolibc	3	process	false	ReleaseSafe	echo	65536	1	2000	491962	696028	885185	1925.7	1268	1568	1568	1736	9	230038	1
88	process-nolibc	3	process	false	ReleaseSafe	echo	65536	2	2000	532267	778316	932641	1764.5	1268	1620	1620	1800	9	230038	1
88	process-nolibc	3	process	false	ReleaseSafe	echo	65536	3	2000	535365	811638	1068683	1722.4	1268	1660	1660	1800	9	230038	1
89	smp-nolibc	3	smp	false	ReleaseSafe	handoff	32	1	2000	45410	434315	453702	864376.0	1140	1172	1172	1536	1	32	0
89	smp-nolibc	3	smp	false	ReleaseSafe	handoff	32	2	2000	49317	643424	646018	758805.7	1140	1212	1212	1536	1	32	0
89	smp-nolibc	3	smp	false	ReleaseSafe	handoff	32	3	2000	45132	417828	419319	900156.0	1140	1236	1236	1536	1	32	0
90	smp-nolibc	3	smp	false	ReleaseSafe	echo	65536	1	2000	451655	641902	762059	2101.2	1296	1300	1300	1432	9	230038	1
90	smp-nolibc	3	smp	false	ReleaseSafe	echo	65536	2	2000	451833	626038	756944	2114.0	1296	1300	1300	1432	9	230038	1
90	smp-nolibc	3	smp	false	ReleaseSafe	echo	65536	3	2000	453356	633715	787894	2107.0	1296	1300	1300	1432	9	230038	1
91	process-nolibc	2	process	false	ReleaseSafe	echo	32	1	2000	95662	127955	207212	12822.6	1132	1620	1620	1620	9	627	0
91	process-nolibc	2	process	false	ReleaseSafe	echo	32	2	2000	102120	165248	302108	8167.2	1132	1720	1720	1720	9	627	0
91	process-nolibc	2	process	false	ReleaseSafe	echo	32	3	2000	140557	188950	312526	6668.3	1132	1760	1760	1760	9	627	0
92	process-nolibc	5	process	false	ReleaseSafe	echo	65536	1	2000	497487	728652	880385	1890.4	1272	1572	1572	1588	9	230038	1
92	process-nolibc	5	process	false	ReleaseSafe	echo	65536	2	2000	536668	791864	1035765	1741.4	1272	1624	1624	1752	9	230038	1
92	process-nolibc	5	process	false	ReleaseSafe	echo	65536	3	2000	536616	766594	965367	1749.2	1272	1664	1664	1768	9	230038	1
94	smp-libc	3	smp	true	ReleaseSafe	echo	32	1	2000	1198	1261	2143	772907.4	2104	2180	2180	2180	9	627	0
94	smp-libc	3	smp	true	ReleaseSafe	echo	32	2	2000	1187	1218	1282	785794.7	2104	2180	2180	2180	9	627	0
94	smp-libc	3	smp	true	ReleaseSafe	echo	32	3	2000	1187	1209	1271	792395.9	2104	2180	2180	2180	9	627	0
95	smp-libc	2	smp	true	ReleaseSafe	echo	4096	1	2000	8826	13554	18924	104805.4	2132	2196	2196	2196	9	14998	1
95	smp-libc	2	smp	true	ReleaseSafe	echo	4096	2	2000	8826	8942	16170	108509.2	2132	2196	2196	2196	9	14998	1
95	smp-libc	2	smp	true	ReleaseSafe	echo	4096	3	2000	8837	15256	17725	104281.7	2132	2196	2196	2196	9	14998	1
97	libc	1	libc	true	ReleaseSafe	handoff	65536	1	2000	14610122	17117732	17825656	8778.1	2400	3772	3772	11772	1	65536	0
97	libc	1	libc	true	ReleaseSafe	handoff	65536	2	2000	14748414	15569341	15682623	8738.5	2400	3772	3772	12156	1	65536	0
97	libc	1	libc	true	ReleaseSafe	handoff	65536	3	2000	14912157	16579603	16806083	8700.7	2400	3772	3772	12156	1	65536	0
98	smp-nolibc	2	smp	false	ReleaseSafe	echo	32	1	2000	1124	1135	1208	837171.1	1160	1176	1176	1176	9	627	0
98	smp-nolibc	2	smp	false	ReleaseSafe	echo	32	2	2000	1124	1156	1188	827357.1	1160	1176	1176	1176	9	627	0
98	smp-nolibc	2	smp	false	ReleaseSafe	echo	32	3	2000	1124	1155	1954	817998.6	1160	1176	1176	1176	9	627	0
99	smp-nolibc	1	smp	false	ReleaseSafe	handoff	65536	1	2000	20167046	21499395	22457640	6492.4	1272	1276	1276	10068	1	65536	0
99	smp-nolibc	1	smp	false	ReleaseSafe	handoff	65536	2	2000	20522872	22493187	23291998	6356.6	1272	1276	1276	10132	1	65536	0
99	smp-nolibc	1	smp	false	ReleaseSafe	handoff	65536	3	2000	20811001	23121489	24270905	6273.3	1272	1276	1276	10148	1	65536	0
104	smp-nolibc	1	smp	false	ReleaseSafe	echo	65536	1	2000	451481	631497	809517	2107.6	1296	1300	1300	1352	9	230038	1
104	smp-nolibc	1	smp	false	ReleaseSafe	echo	65536	2	2000	455305	665727	786077	2070.8	1296	1300	1300	1388	9	230038	1
104	smp-nolibc	1	smp	false	ReleaseSafe	echo	65536	3	2000	446879	642865	789460	2104.4	1296	1300	1300	1388	9	230038	1
105	smp-libc	3	smp	true	ReleaseSafe	echo	65536	1	2000	445902	628460	745817	2126.3	2368	2432	2432	2624	9	230038	1
105	smp-libc	3	smp	true	ReleaseSafe	echo	65536	2	2000	441016	632537	753130	2138.5	2368	2432	2432	2624	9	230038	1
105	smp-libc	3	smp	true	ReleaseSafe	echo	65536	3	2000	436562	613300	763436	2153.7	2368	2432	2432	2624	9	230038	1
108	libc	2	libc	true	ReleaseSafe	handoff	4096	1	2000	1935074	4115866	5000534	56175.2	2148	3520	3520	3840	1	4096	0
108	libc	2	libc	true	ReleaseSafe	handoff	4096	2	2000	1973675	2736769	2924410	65277.2	2148	3520	3520	3840	1	4096	0
108	libc	2	libc	true	ReleaseSafe	handoff	4096	3	2000	2098615	6055150	6479803	49871.1	2148	3520	3520	3908	1	4096	0
109	process-nolibc	1	process	false	ReleaseSafe	handoff	4096	1	2000	2220991	4091079	4937710	47921.1	1176	1284	1284	2376	1	4096	0
109	process-nolibc	1	process	false	ReleaseSafe	handoff	4096	2	2000	3299507	6061891	6368486	33589.9	1176	1284	1284	2432	1	4096	0
109	process-nolibc	1	process	false	ReleaseSafe	handoff	4096	3	2000	3038201	5955087	6515866	37280.2	1176	1284	1284	2432	1	4096	0
111	smp-libc	4	smp	true	ReleaseSafe	echo	32	1	2000	2112	2249	2449	458316.7	2108	2184	2184	2184	9	627	0
111	smp-libc	4	smp	true	ReleaseSafe	echo	32	2	2000	1198	2091	2269	694388.7	2108	2184	2184	2184	9	627	0
111	smp-libc	4	smp	true	ReleaseSafe	echo	32	3	2000	1198	2186	2512	557270.4	2108	2184	2184	2184	9	627	0
112	debug-libc	1	debug	true	ReleaseSafe	handoff	4096	1	2000	793773	2339974	2831992	60200.0	2104	3216	3216	3868	1	4096	0
112	debug-libc	1	debug	true	ReleaseSafe	handoff	4096	2	2000	2065715	8408875	9286372	42577.6	2104	3216	3216	3868	1	4096	0
112	debug-libc	1	debug	true	ReleaseSafe	handoff	4096	3	2000	284300	1444271	1742251	59694.1	2104	3216	3216	3868	1	4096	0
113	process-nolibc	4	process	false	ReleaseSafe	handoff	32	1	2000	70828	1090888	1107261	506540.8	1132	1212	1212	1536	1	32	0
113	process-nolibc	4	process	false	ReleaseSafe	handoff	32	2	2000	53252	942991	953561	431844.0	1132	1260	1260	1664	1	32	0
113	process-nolibc	4	process	false	ReleaseSafe	handoff	32	3	2000	50475	568869	574901	461236.6	1132	1260	1260	1664	1	32	0
114	debug-libc	1	debug	true	ReleaseSafe	echo	65536	1	2000	632503	986233	1279161	1433.3	2424	2488	2488	2916	9	230038	1
114	debug-libc	1	debug	true	ReleaseSafe	echo	65536	2	2000	610940	879339	1114512	1533.7	2424	2488	2488	2916	9	230038	1
114	debug-libc	1	debug	true	ReleaseSafe	echo	65536	3	2000	606830	848907	1104581	1562.8	2424	2488	2488	2916	9	230038	1
115	debug-libc	5	debug	true	ReleaseSafe	handoff	4096	1	2000	126724	3710717	3897477	69920.3	2104	3216	3216	3784	1	4096	0
115	debug-libc	5	debug	true	ReleaseSafe	handoff	4096	2	2000	120565	332153	430806	70975.8	2104	3216	3216	3784	1	4096	0
115	debug-libc	5	debug	true	ReleaseSafe	handoff	4096	3	2000	150773	567476	654928	82362.4	2104	3216	3216	3784	1	4096	0
116	smp-libc	2	smp	true	ReleaseSafe	handoff	4096	1	2000	1006862	1868914	2139858	118268.0	2100	4364	4364	4364	1	4096	0
116	smp-libc	2	smp	true	ReleaseSafe	handoff	4096	2	2000	1094156	1381389	1496174	125154.4	2100	4620	4620	4620	1	4096	0
116	smp-libc	2	smp	true	ReleaseSafe	handoff	4096	3	2000	1104839	2065998	2188771	106300.4	2100	4748	4748	4748	1	4096	0
117	smp-libc	4	smp	true	ReleaseSafe	echo	65536	1	2000	436454	612106	748068	2158.3	2368	2432	2432	2572	9	230038	1
117	smp-libc	4	smp	true	ReleaseSafe	echo	65536	2	2000	445774	616725	785899	2137.0	2368	2432	2432	2688	9	230038	1
117	smp-libc	4	smp	true	ReleaseSafe	echo	65536	3	2000	449432	617817	767950	2126.1	2368	2432	2432	2688	9	230038	1
118	smp-nolibc	3	smp	false	ReleaseSafe	echo	32	1	2000	1134	1167	1209	831432.5	1164	1180	1180	1180	9	627	0
118	smp-nolibc	3	smp	false	ReleaseSafe	echo	32	2	2000	1125	1230	1965	771129.8	1164	1180	1180	1180	9	627	0
118	smp-nolibc	3	smp	false	ReleaseSafe	echo	32	3	2000	1135	1597	1965	765220.4	1164	1180	1180	1180	9	627	0
120	debug-libc	1	debug	true	ReleaseSafe	echo	4096	1	2000	230574	319559	541248	4015.5	2108	2172	2172	2176	9	14998	1
120	debug-libc	1	debug	true	ReleaseSafe	echo	4096	2	2000	232235	315502	471141	3987.0	2108	2172	2172	2176	9	14998	1
120	debug-libc	1	debug	true	ReleaseSafe	echo	4096	3	2000	231951	320263	470932	4019.3	2108	2172	2172	2176	9	14998	1
121	smp-libc	1	smp	true	ReleaseSafe	echo	32	1	2000	1187	1209	1261	778838.6	2104	2180	2180	2180	9	627	0
121	smp-libc	1	smp	true	ReleaseSafe	echo	32	2	2000	1219	1472	1513	745778.3	2104	2180	2180	2180	9	627	0
121	smp-libc	1	smp	true	ReleaseSafe	echo	32	3	2000	1188	2070	2175	694621.2	2104	2180	2180	2180	9	627	0
122	debug-libc	5	debug	true	ReleaseSafe	echo	4096	1	2000	233201	318007	467521	4037.4	2104	2168	2168	2176	9	14998	1
122	debug-libc	5	debug	true	ReleaseSafe	echo	4096	2	2000	237864	328599	633293	3881.8	2104	2168	2168	2304	9	14998	1
122	debug-libc	5	debug	true	ReleaseSafe	echo	4096	3	2000	236246	329082	790793	3876.8	2104	2168	2168	2304	9	14998	1
123	smp-nolibc	4	smp	false	ReleaseSafe	echo	32	1	2000	1849	2784	3205	471715.9	1164	1180	1180	1180	9	627	0
123	smp-nolibc	4	smp	false	ReleaseSafe	echo	32	2	2000	1135	1167	1944	805236.9	1164	1180	1180	1180	9	627	0
123	smp-nolibc	4	smp	false	ReleaseSafe	echo	32	3	2000	1145	1996	2122	723764.2	1164	1180	1180	1180	9	627	0
124	smp-nolibc	5	smp	false	ReleaseSafe	echo	4096	1	2000	8816	14627	15689	104387.3	1216	1220	1220	1220	9	14998	1
124	smp-nolibc	5	smp	false	ReleaseSafe	echo	4096	2	2000	8816	14542	26701	100807.5	1216	1220	1220	1220	9	14998	1
124	smp-nolibc	5	smp	false	ReleaseSafe	echo	4096	3	2000	8816	11044	15741	106686.3	1216	1220	1220	1220	9	14998	1
126	process-nolibc	4	process	false	ReleaseSafe	echo	65536	1	2000	496985	711786	908691	1899.0	1272	1572	1572	1652	9	230038	1
126	process-nolibc	4	process	false	ReleaseSafe	echo	65536	2	2000	532397	744969	961566	1777.5	1272	1624	1624	1844	9	230038	1
126	process-nolibc	4	process	false	ReleaseSafe	echo	65536	3	2000	532050	755729	902922	1779.2	1272	1664	1664	1844	9	230038	1
128	smp-nolibc	5	smp	false	ReleaseSafe	echo	32	1	2000	1124	1913	2039	676481.5	1160	1176	1176	1176	9	627	0
128	smp-nolibc	5	smp	false	ReleaseSafe	echo	32	2	2000	1125	2060	2175	612889.5	1160	1176	1176	1176	9	627	0
128	smp-nolibc	5	smp	false	ReleaseSafe	echo	32	3	2000	1113	1124	1198	827759.4	1160	1176	1176	1176	9	627	0
133	smp-libc	3	smp	true	ReleaseSafe	handoff	32	1	2000	54962	360922	428642	1019994.4	2076	3248	3248	3248	1	32	0
133	smp-libc	3	smp	true	ReleaseSafe	handoff	32	2	2000	48058	101817	142298	1385789.1	2076	3280	3280	3280	1	32	0
133	smp-libc	3	smp	true	ReleaseSafe	handoff	32	3	2000	85974	203234	229822	1012855.7	2076	3304	3304	3304	1	32	0
134	debug-libc	3	debug	true	ReleaseSafe	echo	65536	1	2000	597470	839188	1090449	1586.0	2420	2484	2484	2688	9	230038	1
134	debug-libc	3	debug	true	ReleaseSafe	echo	65536	2	2000	618992	901276	1178210	1491.5	2420	2484	2484	2688	9	230038	1
134	debug-libc	3	debug	true	ReleaseSafe	echo	65536	3	2000	599656	874067	1158851	1553.3	2420	2484	2484	2688	9	230038	1
135	smp-nolibc	2	smp	false	ReleaseSafe	handoff	4096	1	2000	2729804	4000659	4155357	48690.4	1184	2464	2464	2732	1	4096	0
135	smp-nolibc	2	smp	false	ReleaseSafe	handoff	4096	2	2000	1727431	2917324	3227434	65252.0	1184	2528	2528	2860	1	4096	0
135	smp-nolibc	2	smp	false	ReleaseSafe	handoff	4096	3	2000	2711486	4402841	5166341	44797.2	1184	2912	2912	3116	1	4096	0
136	process-nolibc	1	process	false	ReleaseSafe	handoff	32	1	2000	86472	435373	467424	640444.5	1128	1208	1208	1536	1	32	0
136	process-nolibc	1	process	false	ReleaseSafe	handoff	32	2	2000	82808	491111	510877	708258.4	1128	1256	1256	1536	1	32	0
136	process-nolibc	1	process	false	ReleaseSafe	handoff	32	3	2000	82293	404940	487590	658186.8	1128	1256	1256	1536	1	32	0
137	process-nolibc	4	process	false	ReleaseSafe	handoff	4096	1	2000	2168115	2552627	2711444	59622.4	1176	1284	1284	2416	1	4096	0
137	process-nolibc	4	process	false	ReleaseSafe	handoff	4096	2	2000	2159157	3349456	3583005	60776.3	1176	1284	1284	2444	1	4096	0
137	process-nolibc	4	process	false	ReleaseSafe	handoff	4096	3	2000	2127979	2460635	2544357	60323.2	1176	1284	1284	2444	1	4096	0
138	process-nolibc	1	process	false	ReleaseSafe	echo	32	1	2000	95671	133859	186150	12836.8	1128	1616	1616	1616	9	627	0
138	process-nolibc	1	process	false	ReleaseSafe	echo	32	2	2000	100715	154445	232888	8437.1	1128	1716	1716	1716	9	627	0
138	process-nolibc	1	process	false	ReleaseSafe	echo	32	3	2000	135078	186056	287752	6790.0	1128	1756	1756	1756	9	627	0
140	smp-libc	4	smp	true	ReleaseSafe	echo	4096	1	2000	8933	9038	18621	107103.9	2132	2196	2196	2196	9	14998	1
140	smp-libc	4	smp	true	ReleaseSafe	echo	4096	2	2000	8943	15479	19199	102682.0	2132	2196	2196	2196	9	14998	1
140	smp-libc	4	smp	true	ReleaseSafe	echo	4096	3	2000	8943	14733	21658	98272.6	2132	2196	2196	2196	9	14998	1
142	process-nolibc	2	process	false	ReleaseSafe	echo	65536	1	2000	493790	702986	904752	1916.0	1268	1568	1568	1684	9	230038	1
142	process-nolibc	2	process	false	ReleaseSafe	echo	65536	2	2000	531747	705803	967257	1792.6	1268	1620	1620	1868	9	230038	1
142	process-nolibc	2	process	false	ReleaseSafe	echo	65536	3	2000	537243	771240	937764	1755.8	1268	1660	1660	1868	9	230038	1
143	process-nolibc	3	process	false	ReleaseSafe	handoff	32	1	2000	68682	422735	428640	749374.6	1128	1208	1208	1536	1	32	0
143	process-nolibc	3	process	false	ReleaseSafe	handoff	32	2	2000	94784	518291	526467	477464.7	1128	1256	1256	1536	1	32	0
143	process-nolibc	3	process	false	ReleaseSafe	handoff	32	3	2000	105140	382704	467684	671156.7	1128	1256	1256	1560	1	32	0
145	debug-libc	4	debug	true	ReleaseSafe	echo	4096	1	2000	236235	306725	438786	3995.9	2108	2172	2172	2172	9	14998	1
145	debug-libc	4	debug	true	ReleaseSafe	echo	4096	2	2000	231906	325124	550389	3975.3	2108	2172	2172	2176	9	14998	1
145	debug-libc	4	debug	true	ReleaseSafe	echo	4096	3	2000	231317	311421	495621	4044.7	2108	2172	2172	2304	9	14998	1
149	smp-libc	2	smp	true	ReleaseSafe	handoff	65536	1	2000	15017914	16908756	17461072	8556.0	2340	3452	3452	11740	1	65536	0
149	smp-libc	2	smp	true	ReleaseSafe	handoff	65536	2	2000	15580005	17461598	18459113	8359.3	2340	3452	3452	11740	1	65536	0
149	smp-libc	2	smp	true	ReleaseSafe	handoff	65536	3	2000	14625133	15932685	16217984	8992.5	2340	3452	3452	11740	1	65536	0
150	smp-nolibc	2	smp	false	ReleaseSafe	handoff	65536	1	2000	20525805	21752337	22527881	6416.0	1272	1276	1276	10132	1	65536	0
150	smp-nolibc	2	smp	false	ReleaseSafe	handoff	65536	2	2000	20509690	25787741	28971572	6190.2	1272	1276	1276	10132	1	65536	0
150	smp-nolibc	2	smp	false	ReleaseSafe	handoff	65536	3	2000	20587217	22417858	23180972	6331.6	1272	1276	1276	10132	1	65536	0
153	process-nolibc	2	process	false	ReleaseSafe	handoff	4096	1	2000	2079412	3787368	3977674	58461.5	1176	1284	1284	2336	1	4096	0
153	process-nolibc	2	process	false	ReleaseSafe	handoff	4096	2	2000	2153929	3779277	4293205	56073.8	1176	1284	1284	2336	1	4096	0
153	process-nolibc	2	process	false	ReleaseSafe	handoff	4096	3	2000	2277426	2945376	3485880	54684.7	1176	1284	1284	2512	1	4096	0
154	libc	2	libc	true	ReleaseSafe	echo	4096	1	2000	7020	11644	13683	130825.6	2160	2224	2224	2224	7	14831	3
154	libc	2	libc	true	ReleaseSafe	echo	4096	2	2000	7020	12422	13263	129943.7	2160	2224	2224	2224	7	14831	3
154	libc	2	libc	true	ReleaseSafe	echo	4096	3	2000	7020	12138	13147	129014.4	2160	2224	2224	2224	7	14831	3
155	libc	4	libc	true	ReleaseSafe	handoff	32	1	2000	86800	159424	176228	986174.8	2136	3268	3268	3268	1	32	0
155	libc	4	libc	true	ReleaseSafe	handoff	32	2	2000	59540	181315	198864	953586.1	2136	3268	3268	3268	1	32	0
155	libc	4	libc	true	ReleaseSafe	handoff	32	3	2000	57233	268787	336351	1219806.0	2136	3268	3268	3268	1	32	0
156	smp-libc	2	smp	true	ReleaseSafe	echo	65536	1	2000	451262	637516	776594	2082.9	2368	2432	2432	2640	9	230038	1
156	smp-libc	2	smp	true	ReleaseSafe	echo	65536	2	2000	452671	675765	802725	2046.7	2368	2432	2432	2640	9	230038	1
156	smp-libc	2	smp	true	ReleaseSafe	echo	65536	3	2000	445659	648488	816941	2104.9	2368	2432	2432	2640	9	230038	1
158	debug-libc	4	debug	true	ReleaseSafe	handoff	32	1	2000	73215	192351	199202	1086841.9	2088	3200	3200	3200	1	32	0
158	debug-libc	4	debug	true	ReleaseSafe	handoff	32	2	2000	64798	149961	220471	970246.4	2088	3204	3204	3204	1	32	0
158	debug-libc	4	debug	true	ReleaseSafe	handoff	32	3	2000	36075	1517585	1519393	537782.7	2088	3204	3204	3204	1	32	0
159	process-nolibc	2	process	false	ReleaseSafe	echo	4096	1	2000	117396	176673	269543	7620.1	1192	1652	1652	1652	9	14998	1
159	process-nolibc	2	process	false	ReleaseSafe	echo	4096	2	2000	157695	214292	328431	5944.4	1192	1704	1704	1704	9	14998	1
159	process-nolibc	2	process	false	ReleaseSafe	echo	4096	3	2000	151516	210383	324262	5978.1	1192	1744	1744	1744	9	14998	1
161	process-nolibc	4	process	false	ReleaseSafe	echo	32	1	2000	95412	122493	182526	12986.1	1132	1620	1620	1620	9	627	0
161	process-nolibc	4	process	false	ReleaseSafe	echo	32	2	2000	134995	218163	1892702	4552.7	1132	1720	1720	1720	9	627	0
161	process-nolibc	4	process	false	ReleaseSafe	echo	32	3	2000	134994	188440	266921	6712.3	1132	1760	1760	1760	9	627	0
162	debug-libc	5	debug	true	ReleaseSafe	handoff	32	1	2000	89144	275691	283895	926990.2	2092	3204	3204	3204	1	32	0
162	debug-libc	5	debug	true	ReleaseSafe	handoff	32	2	2000	77314	193590	206381	893742.1	2092	3204	3204	3204	1	32	0
162	debug-libc	5	debug	true	ReleaseSafe	handoff	32	3	2000	64565	166305	193343	1125822.5	2092	3204	3204	3204	1	32	0
165	smp-libc	4	smp	true	ReleaseSafe	handoff	32	1	2000	109801	811692	923081	593012.0	2080	3256	3256	3256	1	32	0
165	smp-libc	4	smp	true	ReleaseSafe	handoff	32	2	2000	38063	117505	139914	1082678.2	2080	3284	3284	3284	1	32	0
165	smp-libc	4	smp	true	ReleaseSafe	handoff	32	3	2000	96795	277909	329731	903227.7	2080	3320	3320	3320	1	32	0
166	debug-libc	2	debug	true	ReleaseSafe	handoff	32	1	2000	50197	249631	269879	813885.2	2088	3200	3200	3200	1	32	0
166	debug-libc	2	debug	true	ReleaseSafe	handoff	32	2	2000	56546	173883	198193	878139.3	2088	3200	3200	3200	1	32	0
166	debug-libc	2	debug	true	ReleaseSafe	handoff	32	3	2000	68470	230618	242111	828607.2	2088	3200	3200	3328	1	32	0
167	smp-libc	3	smp	true	ReleaseSafe	echo	4096	1	2000	9028	14683	18131	96399.7	2132	2196	2196	2196	9	14998	1
167	smp-libc	3	smp	true	ReleaseSafe	echo	4096	2	2000	9018	9123	15188	106540.3	2132	2196	2196	2196	9	14998	1
167	smp-libc	3	smp	true	ReleaseSafe	echo	4096	3	2000	9018	9102	15335	107105.2	2132	2196	2196	2196	9	14998	1
168	process-nolibc	5	process	false	ReleaseSafe	handoff	65536	1	2000	20607510	22139913	22451534	6321.7	1268	1284	1284	10108	1	65536	0
168	process-nolibc	5	process	false	ReleaseSafe	handoff	65536	2	2000	20317131	21868940	22640861	6399.7	1268	1284	1284	10124	1	65536	0
168	process-nolibc	5	process	false	ReleaseSafe	handoff	65536	3	2000	20444947	25359418	27257980	6223.4	1268	1284	1284	10124	1	65536	0
169	process-nolibc	2	process	false	ReleaseSafe	handoff	65536	1	2000	21126032	27417879	30060934	5993.1	1268	1284	1284	10072	1	65536	0
169	process-nolibc	2	process	false	ReleaseSafe	handoff	65536	2	2000	20238250	22981129	23892889	6376.1	1268	1284	1284	10088	1	65536	0
169	process-nolibc	2	process	false	ReleaseSafe	handoff	65536	3	2000	20246023	21679495	22392695	6411.0	1268	1284	1284	10200	1	65536	0
170	process-nolibc	1	process	false	ReleaseSafe	handoff	65536	1	2000	20992740	30765890	35485918	5962.0	1268	1284	1284	10072	1	65536	0
170	process-nolibc	1	process	false	ReleaseSafe	handoff	65536	2	2000	20615778	23103578	23958210	6229.6	1268	1284	1284	10104	1	65536	0
170	process-nolibc	1	process	false	ReleaseSafe	handoff	65536	3	2000	20819384	23714128	23933035	6157.7	1268	1284	1284	10104	1	65536	0
172	smp-nolibc	5	smp	false	ReleaseSafe	handoff	32	1	2000	68515	459230	503941	826884.0	1140	1176	1176	1536	1	32	0
172	smp-nolibc	5	smp	false	ReleaseSafe	handoff	32	2	2000	57266	454700	457520	866044.6	1140	1184	1184	1536	1	32	0
172	smp-nolibc	5	smp	false	ReleaseSafe	handoff	32	3	2000	45369	393745	401333	930307.0	1140	1232	1232	1536	1	32	0
173	smp-nolibc	3	smp	false	ReleaseSafe	handoff	4096	1	2000	2595910	4231814	4343357	49058.0	1184	2336	2336	2604	1	4096	0
173	smp-nolibc	3	smp	false	ReleaseSafe	handoff	4096	2	2000	1984098	3084382	3524571	64222.8	1184	2528	2528	2732	1	4096	0
173	smp-nolibc	3	smp	false	ReleaseSafe	handoff	4096	3	2000	2247144	4021625	4580464	55091.3	1184	2656	2656	2860	1	4096	0
174	smp-libc	2	smp	true	ReleaseSafe	echo	32	1	2000	1179	1295	2084	773958.5	2108	2184	2184	2184	9	627	0
174	smp-libc	2	smp	true	ReleaseSafe	echo	32	2	2000	1179	1189	1284	769864.1	2108	2184	2184	2184	9	627	0
174	smp-libc	2	smp	true	ReleaseSafe	echo	32	3	2000	1179	1200	1295	761810.2	2108	2184	2184	2184	9	627	0
176	smp-nolibc	4	smp	false	ReleaseSafe	echo	4096	1	2000	8797	14174	21004	103224.1	1216	1220	1220	1220	9	14998	1
176	smp-nolibc	4	smp	false	ReleaseSafe	echo	4096	2	2000	8787	8892	15669	109698.3	1216	1220	1220	1220	9	14998	1
176	smp-nolibc	4	smp	false	ReleaseSafe	echo	4096	3	2000	8797	8892	15227	109635.4	1216	1220	1220	1220	9	14998	1
177	debug-libc	2	debug	true	ReleaseSafe	handoff	65536	1	2000	15339922	17543100	17986999	8249.2	2420	3472	3472	11824	1	65536	0
177	debug-libc	2	debug	true	ReleaseSafe	handoff	65536	2	2000	15531733	18587114	19732231	8042.3	2420	3472	3472	11824	1	65536	0
177	debug-libc	2	debug	true	ReleaseSafe	handoff	65536	3	2000	15380908	17330207	17733267	8308.7	2420	3472	3472	11824	1	65536	0
178	libc	4	libc	true	ReleaseSafe	handoff	4096	1	2000	2353064	4611296	5257034	49987.8	2152	3524	3524	3916	1	4096	0
178	libc	4	libc	true	ReleaseSafe	handoff	4096	2	2000	1697224	2642945	2794760	69611.2	2152	3524	3524	3916	1	4096	0
178	libc	4	libc	true	ReleaseSafe	handoff	4096	3	2000	1752556	2409410	2491966	70230.5	2152	3524	3524	3916	1	4096	0
180	smp-nolibc	1	smp	false	ReleaseSafe	handoff	32	1	2000	50554	422306	556569	719434.0	1140	1176	1176	1536	1	32	0
180	smp-nolibc	1	smp	false	ReleaseSafe	handoff	32	2	2000	40982	500714	515962	907317.1	1140	1204	1204	1536	1	32	0
180	smp-nolibc	1	smp	false	ReleaseSafe	handoff	32	3	2000	54153	454497	489446	892435.6	1140	1204	1204	1536	1	32	0
181	smp-libc	5	smp	true	ReleaseSafe	handoff	65536	1	2000	15004099	18967121	20287479	8436.4	2336	3448	3448	11644	1	65536	0
181	smp-libc	5	smp	true	ReleaseSafe	handoff	65536	2	2000	15124339	18679880	20137684	8550.7	2336	3448	3448	11644	1	65536	0
181	smp-libc	5	smp	true	ReleaseSafe	handoff	65536	3	2000	15473776	17455740	18657572	8499.8	2336	3448	3448	11644	1	65536	0
182	process-nolibc	3	process	false	ReleaseSafe	echo	32	1	2000	95899	126501	194871	13049.1	1128	1616	1616	1616	9	627	0
182	process-nolibc	3	process	false	ReleaseSafe	echo	32	2	2000	100455	156030	250313	8527.5	1128	1716	1716	1716	9	627	0
182	process-nolibc	3	process	false	ReleaseSafe	echo	32	3	2000	136256	187484	319477	6753.0	1128	1756	1756	1756	9	627	0
183	debug-libc	2	debug	true	ReleaseSafe	echo	32	1	2000	224389	360508	841856	3452.9	2084	2148	2148	2148	9	627	0
183	debug-libc	2	debug	true	ReleaseSafe	echo	32	2	2000	214181	289822	634393	4293.3	2084	2148	2148	2148	9	627	0
183	debug-libc	2	debug	true	ReleaseSafe	echo	32	3	2000	209970	290715	576294	4345.0	2084	2148	2148	2148	9	627	0
185	libc	3	libc	true	ReleaseSafe	handoff	65536	1	2000	14508405	16137426	16327445	9033.2	2396	3768	3768	11836	1	65536	0
185	libc	3	libc	true	ReleaseSafe	handoff	65536	2	2000	14263470	16778258	17301128	9102.7	2396	3768	3768	11836	1	65536	0
185	libc	3	libc	true	ReleaseSafe	handoff	65536	3	2000	14157524	15412793	15881162	9164.5	2396	3768	3768	11960	1	65536	0
186	smp-nolibc	5	smp	false	ReleaseSafe	echo	65536	1	2000	453633	628983	779512	2099.6	1296	1300	1300	1432	9	230038	1
186	smp-nolibc	5	smp	false	ReleaseSafe	echo	65536	2	2000	453979	616824	745775	2113.3	1296	1300	1300	1432	9	230038	1
186	smp-nolibc	5	smp	false	ReleaseSafe	echo	65536	3	2000	452183	613957	744494	2121.1	1296	1300	1300	1432	9	230038	1
188	smp-libc	1	smp	true	ReleaseSafe	handoff	65536	1	2000	17330093	19956638	21590421	7661.0	2336	3448	3448	11724	1	65536	0
188	smp-libc	1	smp	true	ReleaseSafe	handoff	65536	2	2000	15993910	25701606	27833935	7624.0	2336	3448	3448	11748	1	65536	0
188	smp-libc	1	smp	true	ReleaseSafe	handoff	65536	3	2000	14539568	16213688	16892646	8916.6	2336	3448	3448	11748	1	65536	0
189	debug-libc	5	debug	true	ReleaseSafe	handoff	65536	1	2000	15508355	17115297	17377071	8405.5	2424	3476	3476	11844	1	65536	0
189	debug-libc	5	debug	true	ReleaseSafe	handoff	65536	2	2000	15233350	17015887	17273667	8435.6	2424	3476	3476	11872	1	65536	0
189	debug-libc	5	debug	true	ReleaseSafe	handoff	65536	3	2000	15441395	18607181	19715825	8457.6	2424	3476	3476	11872	1	65536	0
191	debug-libc	3	debug	true	ReleaseSafe	echo	4096	1	2000	231601	321195	528582	3989.0	2108	2172	2172	2176	9	14998	1
191	debug-libc	3	debug	true	ReleaseSafe	echo	4096	2	2000	230875	310969	528172	3987.6	2108	2172	2172	2176	9	14998	1
191	debug-libc	3	debug	true	ReleaseSafe	echo	4096	3	2000	230960	323970	473753	3980.9	2108	2172	2172	2176	9	14998	1
192	libc	5	libc	true	ReleaseSafe	echo	32	1	2000	967	987	1660	878339.1	2136	2200	2200	2200	7	551	2
192	libc	5	libc	true	ReleaseSafe	echo	32	2	2000	967	1807	1934	836859.0	2136	2200	2200	2200	7	551	2
192	libc	5	libc	true	ReleaseSafe	echo	32	3	2000	967	978	1051	959482.5	2136	2200	2200	2200	7	551	2
193	libc	2	libc	true	ReleaseSafe	handoff	65536	1	2000	14942780	16779310	17687878	8647.6	2400	3772	3772	12420	1	65536	0
193	libc	2	libc	true	ReleaseSafe	handoff	65536	2	2000	15171732	19102656	20508797	8435.0	2400	3772	3772	12420	1	65536	0
193	libc	2	libc	true	ReleaseSafe	handoff	65536	3	2000	14405203	15508051	16234108	9032.5	2400	3772	3772	12420	1	65536	0
196	debug-libc	3	debug	true	ReleaseSafe	handoff	32	1	2000	51501	362536	525465	683335.7	2088	3200	3200	3200	1	32	0
196	debug-libc	3	debug	true	ReleaseSafe	handoff	32	2	2000	71988	345024	376409	904537.4	2088	3200	3200	3200	1	32	0
196	debug-libc	3	debug	true	ReleaseSafe	handoff	32	3	2000	59578	170396	180626	1038590.4	2088	3200	3200	3200	1	32	0
197	process-nolibc	3	process	false	ReleaseSafe	handoff	65536	1	2000	21238472	26077526	28187093	5974.3	1268	1284	1284	10200	1	65536	0
197	process-nolibc	3	process	false	ReleaseSafe	handoff	65536	2	2000	20633881	26745692	28718210	6200.6	1268	1284	1284	10200	1	65536	0
197	process-nolibc	3	process	false	ReleaseSafe	handoff	65536	3	2000	20751767	31258418	36836355	5902.9	1268	1284	1284	10200	1	65536	0
198	libc	1	libc	true	ReleaseSafe	handoff	4096	1	2000	1835664	2384489	2481974	69516.6	2152	3524	3524	3968	1	4096	0
198	libc	1	libc	true	ReleaseSafe	handoff	4096	2	2000	2144381	3138866	3383764	55846.7	2152	3524	3524	3968	1	4096	0
198	libc	1	libc	true	ReleaseSafe	handoff	4096	3	2000	1770484	2364961	2479378	70898.7	2152	3524	3524	3968	1	4096	0
199	smp-nolibc	4	smp	false	ReleaseSafe	handoff	65536	1	2000	21054510	22485157	24386356	6189.8	1276	1280	1280	10056	1	65536	0
199	smp-nolibc	4	smp	false	ReleaseSafe	handoff	65536	2	2000	20524864	26710198	27787189	6268.4	1276	1280	1280	10100	1	65536	0
199	smp-nolibc	4	smp	false	ReleaseSafe	handoff	65536	3	2000	20347049	22852131	25695988	6412.4	1276	1280	1280	10100	1	65536	0
202	libc	1	libc	true	ReleaseSafe	echo	4096	1	2000	7051	7134	12062	136695.6	2160	2224	2224	2224	7	14831	3
202	libc	1	libc	true	ReleaseSafe	echo	4096	2	2000	7050	7187	13040	134586.9	2160	2224	2224	2224	7	14831	3
202	libc	1	libc	true	ReleaseSafe	echo	4096	3	2000	7060	7135	12031	137089.1	2160	2224	2224	2224	7	14831	3
204	smp-nolibc	1	smp	false	ReleaseSafe	handoff	4096	1	2000	2407817	4276796	4561499	52224.5	1184	2272	2272	2476	1	4096	0
204	smp-nolibc	1	smp	false	ReleaseSafe	handoff	4096	2	2000	2013408	4515075	4668800	56773.8	1184	2656	2656	2860	1	4096	0
204	smp-nolibc	1	smp	false	ReleaseSafe	handoff	4096	3	2000	2928170	5605808	6468504	43308.0	1184	3040	3040	3244	1	4096	0
207	process-nolibc	5	process	false	ReleaseSafe	echo	32	1	2000	96400	139220	197590	12373.5	1128	1616	1616	1616	9	627	0
207	process-nolibc	5	process	false	ReleaseSafe	echo	32	2	2000	106399	166427	232396	8345.2	1128	1716	1716	1716	9	627	0
207	process-nolibc	5	process	false	ReleaseSafe	echo	32	3	2000	140264	217263	307192	6418.0	1128	1756	1756	1756	9	627	0
208	debug-libc	3	debug	true	ReleaseSafe	handoff	65536	1	2000	17096280	18990271	20357206	7393.1	2420	3472	3472	11876	1	65536	0
208	debug-libc	3	debug	true	ReleaseSafe	handoff	65536	2	2000	16230312	17488528	17808223	8011.3	2420	3472	3472	11876	1	65536	0
208	debug-libc	3	debug	true	ReleaseSafe	handoff	65536	3	2000	16417440	17879518	18560139	7980.5	2420	3472	3472	11876	1	65536	0
209	debug-libc	2	debug	true	ReleaseSafe	echo	4096	1	2000	234622	348303	521466	3918.1	2108	2172	2172	2176	9	14998	1
209	debug-libc	2	debug	true	ReleaseSafe	echo	4096	2	2000	233603	345118	559037	3949.6	2108	2172	2172	2176	9	14998	1
209	debug-libc	2	debug	true	ReleaseSafe	echo	4096	3	2000	233015	341135	686138	3935.6	2108	2172	2172	2176	9	14998	1
210	debug-libc	4	debug	true	ReleaseSafe	handoff	65536	1	2000	15553582	20021401	24215348	7762.9	2424	3476	3476	11740	1	65536	0
210	debug-libc	4	debug	true	ReleaseSafe	handoff	65536	2	2000	16078100	29847233	31974883	7468.3	2424	3476	3476	11916	1	65536	0
210	debug-libc	4	debug	true	ReleaseSafe	handoff	65536	3	2000	16217760	17893964	18324959	8053.6	2424	3476	3476	11916	1	65536	0
212	debug-libc	3	debug	true	ReleaseSafe	handoff	4096	1	2000	121063	630263	826069	81937.6	2104	3216	3216	3576	1	4096	0
212	debug-libc	3	debug	true	ReleaseSafe	handoff	4096	2	2000	123564	494362	695029	85337.3	2104	3216	3216	3576	1	4096	0
212	debug-libc	3	debug	true	ReleaseSafe	handoff	4096	3	2000	114180	235038	374734	80356.9	2104	3216	3216	3576	1	4096	0
216	libc	5	libc	true	ReleaseSafe	echo	65536	1	2000	151376	254942	353630	5745.9	2424	2488	2488	2488	7	229871	3
216	libc	5	libc	true	ReleaseSafe	echo	65536	2	2000	154540	277469	393429	5484.9	2424	2488	2488	2488	7	229871	3
216	libc	5	libc	true	ReleaseSafe	echo	65536	3	2000	154760	260061	328906	5629.8	2424	2488	2488	2488	7	229871	3
217	smp-nolibc	2	smp	false	ReleaseSafe	echo	65536	1	2000	462715	662610	829728	2030.6	1300	1304	1304	1408	9	230038	1
217	smp-nolibc	2	smp	false	ReleaseSafe	echo	65536	2	2000	454359	650046	788380	2073.9	1300	1304	1304	1408	9	230038	1
217	smp-nolibc	2	smp	false	ReleaseSafe	echo	65536	3	2000	462726	707429	991093	1953.0	1300	1304	1304	1436	9	230038	1
218	libc	3	libc	true	ReleaseSafe	echo	32	1	2000	988	989	1051	948609.6	2136	2200	2200	2200	7	551	2
218	libc	3	libc	true	ReleaseSafe	echo	32	2	2000	967	988	1083	934368.6	2136	2200	2200	2200	7	551	2
218	libc	3	libc	true	ReleaseSafe	echo	32	3	2000	1492	1850	1997	665662.4	2136	2200	2200	2200	7	551	2
220	debug-libc	4	debug	true	ReleaseSafe	echo	65536	1	2000	613003	942450	1224701	1505.8	2420	2484	2484	2724	9	230038	1
220	debug-libc	4	debug	true	ReleaseSafe	echo	65536	2	2000	607757	887601	1124114	1538.9	2420	2484	2484	2792	9	230038	1
220	debug-libc	4	debug	true	ReleaseSafe	echo	65536	3	2000	613252	912019	1166954	1519.0	2420	2484	2484	2792	9	230038	1
221	smp-nolibc	2	smp	false	ReleaseSafe	handoff	32	1	2000	63602	435952	457414	821015.0	1140	1172	1172	1536	1	32	0
221	smp-nolibc	2	smp	false	ReleaseSafe	handoff	32	2	2000	45750	422674	438545	768973.5	1140	1204	1204	1536	1	32	0
221	smp-nolibc	2	smp	false	ReleaseSafe	handoff	32	3	2000	62514	457278	458508	755148.1	1140	1236	1236	1536	1	32	0
222	process-nolibc	5	process	false	ReleaseSafe	handoff	32	1	2000	108069	568884	608434	541883.1	1128	1208	1208	1536	1	32	0
222	process-nolibc	5	process	false	ReleaseSafe	handoff	32	2	2000	62404	440440	477089	669813.2	1128	1256	1256	1536	1	32	0
222	process-nolibc	5	process	false	ReleaseSafe	handoff	32	3	2000	66970	403383	463605	720522.3	1128	1256	1256	1536	1	32	0
223	smp-nolibc	4	smp	false	ReleaseSafe	handoff	4096	1	2000	2815694	4162300	4487241	45052.1	1184	2528	2528	2732	1	4096	0
223	smp-nolibc	4	smp	false	ReleaseSafe	handoff	4096	2	2000	1876311	3966040	4838928	61271.6	1184	2656	2656	2860	1	4096	0
223	smp-nolibc	4	smp	false	ReleaseSafe	handoff	4096	3	2000	2099803	2999912	3666093	57978.2	1184	3040	3040	3244	1	4096	0
225	process-nolibc	3	process	false	ReleaseSafe	handoff	4096	1	2000	2049234	2715594	2808524	61611.8	1176	1284	1284	2412	1	4096	0
225	process-nolibc	3	process	false	ReleaseSafe	handoff	4096	2	2000	2360368	4354561	5414881	48392.5	1176	1284	1284	2492	1	4096	0
225	process-nolibc	3	process	false	ReleaseSafe	handoff	4096	3	2000	2038710	2741317	3085621	60900.0	1176	1284	1284	2492	1	4096	0
